fold_id,split_name_val,mode,top_k,min_prob,threshold,constraints_ok_val,periods_val,cumulative_return_val,annualized_return_val,sharpe_val,max_drawdown_val,win_rate_val,avg_turnover_val,avg_holdings_val,split_name_test,constraints_ok_test,periods_test,cumulative_return_test,annualized_return_test,sharpe_test,max_drawdown_test,win_rate_test,avg_turnover_test,avg_holdings_test
16,val,topk,2,0.54,0.5,True,26,0.22413786257962642,0.47997956309173406,1.5370082910495797,-0.06783046032481921,0.23076923076923078,0.5384615384615384,0.5769230769230769,test,,26,0.0,0.0,0.0,0.0,0.0,0.0,0.0
16,val,topk,2,0.56,0.5,True,26,0.2380135707172184,0.5126715255313223,1.6119165013311285,-0.06783046032481921,0.19230769230769232,0.38461538461538464,0.46153846153846156,test,,26,0.0,0.0,0.0,0.0,0.0,0.0,0.0
16,val,topk,2,0.58,0.5,True,26,0.14718186114228282,0.30495298358632783,1.0768415709279955,-0.07228712373886215,0.11538461538461539,0.34615384615384615,0.2692307692307692,test,,26,0.0,0.0,0.0,0.0,0.0,0.0,0.0
16,val,topk,2,0.6,0.5,True,26,0.15445404347064962,0.32103625088344034,1.3829551448349662,-0.0010000000000000009,0.038461538461538464,0.07692307692307693,0.07692307692307693,test,,26,0.0,0.0,0.0,0.0,0.0,0.0,0.0
16,val,topk,3,0.54,0.5,True,26,0.20799734144862492,0.44238681208834274,1.5035248035784223,-0.06783046032481921,0.23076923076923078,0.5641025641025641,0.7307692307692307,test,,26,0.0,0.0,0.0,0.0,0.0,0.0,0.0
16,val,topk,3,0.56,0.5,True,26,0.21142202118645992,0.450324065195574,1.520084708068694,-0.06783046032481921,0.19230769230769232,0.38461538461538464,0.5384615384615384,test,,26,0.0,0.0,0.0,0.0,0.0,0.0,0.0
16,val,topk,3,0.58,0.5,True,26,0.12393887764063694,0.25418834489184317,0.9696710547123999,-0.07228712373886204,0.11538461538461539,0.34615384615384615,0.3076923076923077,test,,26,0.0,0.0,0.0,0.0,0.0,0.0,0.0
16,val,topk,3,0.6,0.5,True,26,0.15445404347064962,0.32103625088344034,1.3829551448349662,-0.0010000000000000009,0.038461538461538464,0.07692307692307693,0.07692307692307693,test,,26,0.0,0.0,0.0,0.0,0.0,0.0,0.0
