fold_id,strategy_type,cost_bps,periods,cumulative_return,annualized_return,sharpe,max_drawdown,win_rate,avg_turnover,avg_holdings
11,selected,5.0,26,0.17393381241232508,0.36458773204353156,1.5828663592489125,-0.07667249357879335,0.5769230769230769,0.8076923076923076,3.0
11,selected,10.0,26,0.16179024123691188,0.3373577180765257,1.4892096451948793,-0.07794917566432435,0.5384615384615384,0.8076923076923076,3.0
11,selected,20.0,26,0.13786067224608622,0.2844776096828101,1.3005297070053652,-0.08049926940010044,0.5384615384615384,0.8076923076923076,3.0
11,current_fixed,5.0,26,0.07548716996937421,0.1515042102200439,0.6922891726428368,-0.10771799073899568,0.5384615384615384,0.9230769230769231,2.0
11,current_fixed,10.0,26,0.06285008856948315,0.12542090796533345,0.6008485803240536,-0.10862739468814864,0.5384615384615384,0.9230769230769231,2.0
11,current_fixed,20.0,26,0.037990957099919065,0.0749558130691319,0.4148381153012291,-0.11044620258645532,0.5,0.9230769230769231,2.0
