{
  "overlay_cfg": {
    "mode": "benchmark_aware_active_overlay",
    "tilt_budget": 0.2,
    "n_overweight": 4,
    "n_underweight": 3,
    "min_weight": 0.02,
    "max_weight": 0.15,
    "turnover_cap": 0.4
  },
  "validation_overlay_vs_benchmark": {
    "active_cumret_gap": 0.11241249469708747,
    "active_win_rate": 0.6237623762376238,
    "information_ratio": 1.2293946720248825
  },
  "test_overlay_vs_benchmark": {
    "active_cumret_gap": 0.028132280118574382,
    "active_win_rate": 0.45614035087719296,
    "information_ratio": 0.06412381559536016
  },
  "strategy_comparison_val_test": [
    {
      "strategy": "universe_equal_weight_buy_hold",
      "split": "val",
      "periods": 101,
      "cumulative_return": 0.12234544499070266,
      "annualized_return": 0.05928700351789318,
      "sharpe": 0.37444013481100674,
      "max_drawdown": -0.30288634647521906,
      "win_rate": 0.5148514851485149,
      "avg_turnover": 0.009900990099009901,
      "avg_holdings": 10.0,
      "avg_exposure": 1.0,
      "avg_active_share_proxy": NaN
    },
    {
      "strategy": "benchmark_aware_active_overlay",
      "split": "val",
      "periods": 101,
      "cumulative_return": 0.23475793968779013,
      "annualized_return": 0.11096464584388732,
      "sharpe": 0.5956926277452369,
      "max_drawdown": -0.2329546922080855,
      "win_rate": 0.49504950495049505,
      "avg_turnover": 0.32306525891069476,
      "avg_holdings": 10.0,
      "avg_exposure": 1.0,
      "avg_active_share_proxy": 0.16162528207567387
    },
    {
      "strategy": "optimized_sticky_execution",
      "split": "val",
      "periods": 101,
      "cumulative_return": 0.1566754921922313,
      "annualized_return": 0.07533351379323472,
      "sharpe": 0.7945639636642168,
      "max_drawdown": -0.0797220214496851,
      "win_rate": 0.04950495049504951,
      "avg_turnover": 0.18811881188118812,
      "avg_holdings": 0.19801980198019803,
      "avg_exposure": 0.12871287128712872,
      "avg_active_share_proxy": NaN
    },
    {
      "strategy": "frozen_static_baseline",
      "split": "val",
      "periods": 101,
      "cumulative_return": 0.020130819024762436,
      "annualized_return": 0.009995325850284287,
      "sharpe": 0.20113156090074,
      "max_drawdown": -0.06416500073164932,
      "win_rate": 0.019801980198019802,
      "avg_turnover": 0.11221122112211222,
      "avg_holdings": 0.09900990099009901,
      "avg_exposure": 0.0594059405940594,
      "avg_active_share_proxy": NaN
    },
    {
      "strategy": "universe_equal_weight_buy_hold",
      "split": "test",
      "periods": 114,
      "cumulative_return": 0.7510173940900622,
      "annualized_return": 0.28103204265443127,
      "sharpe": 1.316293212465718,
      "max_drawdown": -0.20959757075939545,
      "win_rate": 0.5964912280701754,
      "avg_turnover": 0.008771929824561403,
      "avg_holdings": 10.0,
      "avg_exposure": 1.0,
      "avg_active_share_proxy": NaN
    },
    {
      "strategy": "benchmark_aware_active_overlay",
      "split": "test",
      "periods": 114,
      "cumulative_return": 0.7791496742086366,
      "annualized_return": 0.2900907362833074,
      "sharpe": 1.4835296772660342,
      "max_drawdown": -0.20393910626224354,
      "win_rate": 0.6052631578947368,
      "avg_turnover": 0.3471705913054243,
      "avg_holdings": 10.0,
      "avg_exposure": 1.0,
      "avg_active_share_proxy": 0.19416325214774402
    },
    {
      "strategy": "optimized_sticky_execution",
      "split": "test",
      "periods": 114,
      "cumulative_return": 0.15245869887187746,
      "annualized_return": 0.06474326239885264,
      "sharpe": 0.8677394599447005,
      "max_drawdown": -0.03909135218297766,
      "win_rate": 0.03508771929824561,
      "avg_turnover": 0.08771929824561403,
      "avg_holdings": 0.06140350877192982,
      "avg_exposure": 0.043859649122807015,
      "avg_active_share_proxy": NaN
    },
    {
      "strategy": "frozen_static_baseline",
      "split": "test",
      "periods": 114,
      "cumulative_return": 0.09997209521919981,
      "annualized_return": 0.04302580481145246,
      "sharpe": 0.8213597193379022,
      "max_drawdown": -0.001000000000000112,
      "win_rate": 0.017543859649122806,
      "avg_turnover": 0.03508771929824561,
      "avg_holdings": 0.017543859649122806,
      "avg_exposure": 0.017543859649122806,
      "avg_active_share_proxy": NaN
    }
  ]
}