strategy,split,periods,cumulative_return,annualized_return,sharpe,max_drawdown,win_rate,avg_turnover,avg_holdings,avg_exposure,avg_active_share_proxy
universe_equal_weight_buy_hold,val,101,0.12234544499070266,0.05928700351789318,0.37444013481100674,-0.30288634647521906,0.5148514851485149,0.009900990099009901,10.0,1.0,
benchmark_aware_active_overlay,val,101,0.23475793968779013,0.11096464584388732,0.5956926277452369,-0.2329546922080855,0.49504950495049505,0.32306525891069476,10.0,1.0,0.16162528207567387
optimized_sticky_execution,val,101,0.1566754921922313,0.07533351379323472,0.7945639636642168,-0.0797220214496851,0.04950495049504951,0.18811881188118812,0.19801980198019803,0.12871287128712872,
frozen_static_baseline,val,101,0.020130819024762436,0.009995325850284287,0.20113156090074,-0.06416500073164932,0.019801980198019802,0.11221122112211222,0.09900990099009901,0.0594059405940594,
universe_equal_weight_buy_hold,test,114,0.7510173940900622,0.28103204265443127,1.316293212465718,-0.20959757075939545,0.5964912280701754,0.008771929824561403,10.0,1.0,
benchmark_aware_active_overlay,test,114,0.7791496742086366,0.2900907362833074,1.4835296772660342,-0.20393910626224354,0.6052631578947368,0.3471705913054243,10.0,1.0,0.19416325214774402
optimized_sticky_execution,test,114,0.15245869887187746,0.06474326239885264,0.8677394599447005,-0.03909135218297766,0.03508771929824561,0.08771929824561403,0.06140350877192982,0.043859649122807015,
frozen_static_baseline,test,114,0.09997209521919981,0.04302580481145246,0.8213597193379022,-0.001000000000000112,0.017543859649122806,0.03508771929824561,0.017543859649122806,0.017543859649122806,
