{
  "variant": "no_dc",
  "n_features": 38,
  "n_dc_features": 0,
  "best_epoch": 5,
  "best_score": 0.23285674303344367,
  "val_classification": {
    "accuracy": 0.5183632734530939,
    "precision": 0.5275111215172091,
    "recall": 0.8508308157099698,
    "f1": 0.6512501806619454,
    "auc": 0.47928052996717924
  },
  "test_classification": {
    "accuracy": 0.5095406360424029,
    "precision": 0.5631641086186541,
    "recall": 0.5955056179775281,
    "f1": 0.5788834951456311,
    "auc": 0.5006235843225284
  },
  "val_fixed_strategy": {
    "periods": 101,
    "cumulative_return": 0.03135344379362315,
    "annualized_return": 0.015524690198963631,
    "sharpe": 0.18656738960772437,
    "max_drawdown": -0.2721170868009716,
    "win_rate": 0.5148514851485149,
    "avg_turnover": 0.9108910891089109,
    "avg_holdings": 1.9702970297029703
  },
  "test_fixed_strategy": {
    "periods": 114,
    "cumulative_return": 0.28793054508928395,
    "annualized_return": 0.11836618574940139,
    "sharpe": 0.5779878938436042,
    "max_drawdown": -0.19625574169841198,
    "win_rate": 0.4824561403508772,
    "avg_turnover": 0.7543859649122807,
    "avg_holdings": 1.7105263157894737
  }
}