{
  "variant": "dc_only",
  "n_features": 10,
  "n_dc_features": 10,
  "best_epoch": 1,
  "best_score": 0.20287706747937717,
  "val_classification": {
    "accuracy": 0.5285429141716567,
    "precision": 0.5285429141716567,
    "recall": 1.0,
    "f1": 0.691564377121964,
    "auc": 0.5054197119037326
  },
  "test_classification": {
    "accuracy": 0.5662544169611308,
    "precision": 0.5664832238594,
    "recall": 0.9959425717852685,
    "f1": 0.7221907887292067,
    "auc": 0.4891043666914728
  },
  "val_fixed_strategy": {
    "periods": 101,
    "cumulative_return": 0.03861950360722832,
    "annualized_return": 0.01908859978823152,
    "sharpe": 0.1963147826572126,
    "max_drawdown": -0.27563083171617153,
    "win_rate": 0.49504950495049505,
    "avg_turnover": 1.2673267326732673,
    "avg_holdings": 2.0
  },
  "test_fixed_strategy": {
    "periods": 114,
    "cumulative_return": 0.7576783500864803,
    "annualized_return": 0.28318418803002654,
    "sharpe": 1.192012358899448,
    "max_drawdown": -0.22700537092531448,
    "win_rate": 0.5526315789473685,
    "avg_turnover": 1.3245614035087718,
    "avg_holdings": 1.9473684210526316
  }
}