fold_id,strategy_type,cost_bps,periods,cumulative_return,annualized_return,sharpe,max_drawdown,win_rate,avg_turnover,avg_holdings
1,selected,5.0,26,0.0381023682213526,0.07517948147841924,0.5310804261768907,-0.07235476851096989,0.3076923076923077,0.5641025641025641,0.7692307692307693
1,selected,10.0,26,0.03054166087774246,0.06005176294444525,0.4429390105029684,-0.0748595572607631,0.3076923076923077,0.5641025641025641,0.7692307692307693
1,selected,20.0,26,0.0155732936691797,0.03040876017098615,0.2657399772384627,-0.07985295109802237,0.3076923076923077,0.5641025641025641,0.7692307692307693
1,current_fixed,5.0,26,0.0381023682213526,0.07517948147841924,0.5310804261768907,-0.07235476851096989,0.3076923076923077,0.5641025641025641,0.7692307692307693
1,current_fixed,10.0,26,0.03054166087774246,0.06005176294444525,0.4429390105029684,-0.0748595572607631,0.3076923076923077,0.5641025641025641,0.7692307692307693
1,current_fixed,20.0,26,0.0155732936691797,0.03040876017098615,0.2657399772384627,-0.07985295109802237,0.3076923076923077,0.5641025641025641,0.7692307692307693
