fold_id,strategy_type,cost_bps,periods,cumulative_return,annualized_return,sharpe,max_drawdown,win_rate,avg_turnover,avg_holdings
17,selected,5.0,26,0.16120951729908595,0.33606219573795526,1.8259254105631328,-0.05876866747437115,0.5384615384615384,1.0512820512820513,2.0
17,selected,10.0,26,0.14552253380537739,0.3012965559770786,1.666101937835134,-0.06022721313316459,0.5384615384615384,1.0512820512820513,2.0
17,selected,20.0,26,0.11475111099819957,0.23439050221608682,1.3462158092844652,-0.06314130445075128,0.5,1.0512820512820513,2.0
17,current_fixed,5.0,26,0.07489092954912668,0.15026705011440122,2.5611944044756227,-0.0004999999999999449,0.15384615384615385,0.3076923076923077,0.19230769230769232
17,current_fixed,10.0,26,0.07063711450959631,0.14145934445395603,2.4612245851911845,-0.0010000000000000009,0.15384615384615385,0.3076923076923077,0.19230769230769232
17,current_fixed,20.0,26,0.06217365152927612,0.12403288127181478,2.2461676771951433,-0.002000000000000113,0.15384615384615385,0.3076923076923077,0.19230769230769232
