{
  "variant": "no_dc",
  "n_features": 38,
  "n_dc_features": 0,
  "best_epoch": 3,
  "best_score": -0.07041828490119653,
  "val_classification": {
    "accuracy": 0.5245508982035928,
    "precision": 0.5289760348583878,
    "recall": 0.9169184290030211,
    "f1": 0.6709035645205859,
    "auc": 0.48299948709552815
  },
  "test_classification": {
    "accuracy": 0.5296819787985866,
    "precision": 0.5695942475603493,
    "recall": 0.6922596754057428,
    "f1": 0.6249647788109327,
    "auc": 0.5059014942640917
  },
  "val_fixed_strategy": {
    "periods": 101,
    "cumulative_return": 0.012350016501763372,
    "annualized_return": 0.006143832127221582,
    "sharpe": 0.15095707976340564,
    "max_drawdown": -0.33481940666859733,
    "win_rate": 0.48514851485148514,
    "avg_turnover": 0.9504950495049505,
    "avg_holdings": 1.8415841584158417
  },
  "test_fixed_strategy": {
    "periods": 114,
    "cumulative_return": 0.4131592567558733,
    "annualized_return": 0.16519947204695518,
    "sharpe": 0.6737250769156867,
    "max_drawdown": -0.34413289345439535,
    "win_rate": 0.5350877192982456,
    "avg_turnover": 0.8859649122807017,
    "avg_holdings": 1.5350877192982457
  }
}