fold_id,strategy_type,cost_bps,periods,cumulative_return,annualized_return,sharpe,max_drawdown,win_rate,avg_turnover,avg_holdings
4,selected,5.0,26,0.1324083092487207,0.2725733684625986,3.188268584555843,-0.029455979548889677,0.34615384615384615,0.5897435897435898,1.0384615384615385
4,selected,10.0,26,0.12381782500811211,0.25392650877919754,3.0122863742365786,-0.03141021727204718,0.34615384615384615,0.5897435897435898,1.0384615384615385
4,selected,20.0,26,0.10681855882195035,0.21742010459889283,2.6491668917501983,-0.03530983778267216,0.34615384615384615,0.5897435897435898,1.0384615384615385
4,current_fixed,5.0,26,0.10201464952599881,0.2071982297161581,2.712394297188395,-0.034020656366635205,0.34615384615384615,0.6538461538461539,0.7692307692307693
4,current_fixed,10.0,26,0.09275186056620388,0.18760646200726594,2.509221947487097,-0.03596802824471623,0.34615384615384615,0.6538461538461539,0.7692307692307693
4,current_fixed,20.0,26,0.07444256025922003,0.1493371371231058,2.0816169256377197,-0.03985393772611856,0.34615384615384615,0.6538461538461539,0.7692307692307693
