fold_id,strategy_type,cost_bps,periods,cumulative_return,annualized_return,sharpe,max_drawdown,win_rate,avg_turnover,avg_holdings
20,selected,5.0,26,-0.16156600361323536,-0.28936373502950563,-0.49298492764082585,-0.29993793431752247,0.6153846153846154,1.0384615384615385,1.6153846153846154
20,selected,10.0,26,-0.1729036829588788,-0.30787323262615274,-0.5509500399709346,-0.3022365773699005,0.6153846153846154,1.0384615384615385,1.6153846153846154
20,selected,20.0,26,-0.19514274073453097,-0.34349256802971273,-0.6669059807429593,-0.3115656282685141,0.6153846153846154,1.0384615384615385,1.6153846153846154
20,current_fixed,5.0,26,-0.1728065683147132,-0.3077156909734573,-0.5277144979103777,-0.35401412390575593,0.4230769230769231,0.7692307692307693,0.8076923076923077
20,current_fixed,10.0,26,-0.18101168744365426,-0.3209649922061035,-0.5700519494790722,-0.3546988349252036,0.4230769230769231,0.7692307692307693,0.8076923076923077
20,current_fixed,20.0,26,-0.1971942176545315,-0.34673241761018636,-0.6548985473177269,-0.35606825696409883,0.4230769230769231,0.7692307692307693,0.8076923076923077
