{
  "model": "transformer",
  "best_auc_epoch": 1,
  "best_val_auc": 0.486716925335946,
  "best_strategy_epoch": 1,
  "best_strategy_score": 0.5664632034195358,
  "best_auc_checkpoint": {
    "val_metrics_thr_0_5": {
      "accuracy": 0.5291417165668663,
      "precision": 0.5305690712925746,
      "recall": 0.947129909365559,
      "f1": 0.680135593220339,
      "auc": 0.486716925335946
    },
    "test_metrics_thr_0_5": {
      "accuracy": 0.5470796460176991,
      "precision": 0.5712684894666069,
      "recall": 0.7978090766823162,
      "f1": 0.6657960036567846,
      "auc": 0.5231832452055624
    },
    "selected_strategy": {
      "mode": "topk",
      "top_k": 2,
      "min_prob": 0.6,
      "threshold": 0.5,
      "constraints_satisfied": true,
      "val_strategy": {
        "mode": "topk",
        "top_k": 2,
        "min_prob": 0.6,
        "threshold": 0.5,
        "constraints_ok": true,
        "strategy_score": 0.5664632034195358,
        "periods": 101,
        "cumulative_return": 0.057493861748837194,
        "annualized_return": 0.028288289906912345,
        "sharpe": 0.23544267874938302,
        "max_drawdown": -0.23949221643323226,
        "win_rate": 0.39603960396039606,
        "avg_turnover": 0.9405940594059405,
        "avg_holdings": 1.495049504950495
      },
      "test_strategy": {
        "periods": 113,
        "cumulative_return": 0.4944121961483665,
        "annualized_return": 0.19623605431349622,
        "sharpe": 1.1879822783842948,
        "max_drawdown": -0.21789940651217643,
        "win_rate": 0.30973451327433627,
        "avg_turnover": 0.7256637168141593,
        "avg_holdings": 0.7876106194690266
      }
    }
  },
  "best_strategy_checkpoint": {
    "val_metrics_thr_0_5": {
      "accuracy": 0.5291417165668663,
      "precision": 0.5305690712925746,
      "recall": 0.947129909365559,
      "f1": 0.680135593220339,
      "auc": 0.486716925335946
    },
    "test_metrics_thr_0_5": {
      "accuracy": 0.5470796460176991,
      "precision": 0.5712684894666069,
      "recall": 0.7978090766823162,
      "f1": 0.6657960036567846,
      "auc": 0.5231832452055624
    },
    "selected_strategy": {
      "mode": "topk",
      "top_k": 2,
      "min_prob": 0.6,
      "threshold": 0.5,
      "constraints_satisfied": true,
      "val_strategy": {
        "mode": "topk",
        "top_k": 2,
        "min_prob": 0.6,
        "threshold": 0.5,
        "constraints_ok": true,
        "strategy_score": 0.5664632034195358,
        "periods": 101,
        "cumulative_return": 0.057493861748837194,
        "annualized_return": 0.028288289906912345,
        "sharpe": 0.23544267874938302,
        "max_drawdown": -0.23949221643323226,
        "win_rate": 0.39603960396039606,
        "avg_turnover": 0.9405940594059405,
        "avg_holdings": 1.495049504950495
      },
      "test_strategy": {
        "periods": 113,
        "cumulative_return": 0.4944121961483665,
        "annualized_return": 0.19623605431349622,
        "sharpe": 1.1879822783842948,
        "max_drawdown": -0.21789940651217643,
        "win_rate": 0.30973451327433627,
        "avg_turnover": 0.7256637168141593,
        "avg_holdings": 0.7876106194690266
      }
    }
  }
}