fold_id,split_name_val,mode,top_k,min_prob,threshold,constraints_ok_val,periods_val,cumulative_return_val,annualized_return_val,sharpe_val,max_drawdown_val,win_rate_val,avg_turnover_val,avg_holdings_val,split_name_test,constraints_ok_test,periods_test,cumulative_return_test,annualized_return_test,sharpe_test,max_drawdown_test,win_rate_test,avg_turnover_test,avg_holdings_test
15,val,topk,3,0.56,0.5,True,26,0.05956838397955688,0.11869470560592799,0.7573937767637545,-0.11317989385140181,0.3076923076923077,0.7307692307692307,0.9615384615384616,test,,26,0.1780003164249937,0.3737655941841007,1.4892065202458546,-0.0009999999999998899,0.07692307692307693,0.15384615384615385,0.11538461538461539
15,val,topk,3,0.58,0.5,True,26,0.07342238707225568,0.14722266583750399,1.5034027902875544,-0.01588186456519214,0.07692307692307693,0.23076923076923078,0.19230769230769232,test,,26,0.0,0.0,0.0,0.0,0.0,0.0,0.0
15,val,topk,4,0.56,0.5,True,26,0.049608023661386946,0.09839944804794754,0.6900495367447987,-0.10039259919873156,0.2692307692307692,0.75,1.1538461538461537,test,,26,0.1780003164249937,0.3737655941841007,1.4892065202458546,-0.0009999999999998899,0.07692307692307693,0.15384615384615385,0.11538461538461539
15,val,topk,4,0.58,0.5,True,26,0.03671342206807138,0.07239265047072618,0.863078873087297,-0.015881864565192028,0.038461538461538464,0.23076923076923078,0.23076923076923078,test,,26,0.0,0.0,0.0,0.0,0.0,0.0,0.0
