fold_id,strategy_type,cost_bps,periods,cumulative_return,annualized_return,sharpe,max_drawdown,win_rate,avg_turnover,avg_holdings
15,selected,5.0,26,0.0,0.0,0.0,0.0,0.0,0.0,0.0
15,selected,10.0,26,0.0,0.0,0.0,0.0,0.0,0.0,0.0
15,selected,20.0,26,0.0,0.0,0.0,0.0,0.0,0.0,0.0
15,current_fixed,5.0,26,0.18026801524491054,0.3788965927277326,1.5018066334358273,-0.0004999999999999449,0.07692307692307693,0.15384615384615385,0.11538461538461539
15,current_fixed,10.0,26,0.1780003164249937,0.3737655941841007,1.4892065202458546,-0.0009999999999998899,0.07692307692307693,0.15384615384615385,0.11538461538461539
15,current_fixed,20.0,26,0.1734747110407442,0.3635534382328818,1.4636804840399826,-0.0020000000000000018,0.07692307692307693,0.15384615384615385,0.11538461538461539
