{
  "variant": "dc_only",
  "n_features": 10,
  "n_dc_features": 10,
  "best_epoch": 2,
  "best_score": 1.401498001092382,
  "val_classification": {
    "accuracy": 0.5285429141716567,
    "precision": 0.5285429141716567,
    "recall": 1.0,
    "f1": 0.691564377121964,
    "auc": 0.5190960186589787
  },
  "test_classification": {
    "accuracy": 0.566077738515901,
    "precision": 0.566077738515901,
    "recall": 1.0,
    "f1": 0.7229241877256317,
    "auc": 0.4924265067688191
  },
  "val_fixed_strategy": {
    "periods": 101,
    "cumulative_return": 0.24064493568541856,
    "annualized_return": 0.11360464364080403,
    "sharpe": 0.550698124266713,
    "max_drawdown": -0.18548730046897988,
    "win_rate": 0.49504950495049505,
    "avg_turnover": 1.2079207920792079,
    "avg_holdings": 2.0
  },
  "test_fixed_strategy": {
    "periods": 114,
    "cumulative_return": 0.11912539811268608,
    "annualized_return": 0.05101654696052704,
    "sharpe": 0.33547832419144225,
    "max_drawdown": -0.2616727857754775,
    "win_rate": 0.4824561403508772,
    "avg_turnover": 1.2017543859649122,
    "avg_holdings": 2.0
  }
}