fold_id,strategy_type,cost_bps,periods,cumulative_return,annualized_return,sharpe,max_drawdown,win_rate,avg_turnover,avg_holdings
10,selected,5.0,26,0.47304470936665344,1.1187519134422819,3.406615236601124,-0.059282855760721676,0.6923076923076923,1.1153846153846154,1.7692307692307692
10,selected,10.0,26,0.452130804160255,1.0608286938091904,3.2836205103421796,-0.06120303765087065,0.6923076923076923,1.1153846153846154,1.7692307692307692
10,selected,20.0,26,0.41114711071300936,0.9495758349307402,3.0369589717360674,-0.06503605358456044,0.6538461538461539,1.1153846153846154,1.7692307692307692
10,current_fixed,5.0,26,0.2689653781983232,0.5868409760967792,2.790229299122956,-0.059282855760721564,0.5384615384615384,0.9230769230769231,1.4230769230769231
10,current_fixed,10.0,26,0.25398420792130416,0.550727154711367,2.6586393625215754,-0.06120303765087054,0.5384615384615384,0.9230769230769231,1.4230769230769231
10,current_fixed,20.0,26,0.22451962551844673,0.4808743917586509,2.392745983659776,-0.06503605358456055,0.5384615384615384,0.9230769230769231,1.4230769230769231
