fold_id,strategy_type,cost_bps,periods,cumulative_return,annualized_return,sharpe,max_drawdown,win_rate,avg_turnover,avg_holdings
8,selected,5.0,26,0.04357505938636108,0.08619415902292715,0.47854574742269296,-0.09945799989571025,0.5384615384615384,0.8333333333333334,3.0
8,selected,10.0,26,0.03235713091151049,0.0636747487392546,0.38449534787836953,-0.10221725774348711,0.5384615384615384,0.8333333333333334,3.0
8,selected,20.0,26,0.010261994721695089,0.019988249115690637,0.19596282035702295,-0.10771452088329225,0.5384615384615384,0.8333333333333334,3.0
8,current_fixed,5.0,26,0.04892692167544199,0.09701820457326127,0.4790691485344559,-0.12474195771564645,0.5769230769230769,1.0384615384615385,1.8461538461538463
8,current_fixed,10.0,26,0.034910628418483025,0.06878068335719978,0.38000778652644523,-0.12651197639223577,0.5769230769230769,1.0384615384615385,1.8461538461538463
8,current_fixed,20.0,26,0.007408147817885347,0.014410320708928115,0.1812116055387631,-0.13004395887236786,0.5769230769230769,1.0384615384615385,1.8461538461538463
