{
  "variant": "no_dc",
  "n_features": 38,
  "n_dc_features": 0,
  "best_epoch": 5,
  "best_score": 0.6850027037919207,
  "val_classification": {
    "accuracy": 0.5115768463073852,
    "precision": 0.5252449133383572,
    "recall": 0.7896525679758308,
    "f1": 0.6308643837682909,
    "auc": 0.48591391326926076
  },
  "test_classification": {
    "accuracy": 0.49823321554770317,
    "precision": 0.5649536045681656,
    "recall": 0.49406991260923844,
    "f1": 0.527139527139527,
    "auc": 0.5094378286303358
  },
  "val_fixed_strategy": {
    "periods": 101,
    "cumulative_return": 0.11853953746603696,
    "annualized_return": 0.05749299762393156,
    "sharpe": 0.34142989715738414,
    "max_drawdown": -0.27930215416154147,
    "win_rate": 0.48514851485148514,
    "avg_turnover": 0.9801980198019802,
    "avg_holdings": 1.811881188118812
  },
  "test_fixed_strategy": {
    "periods": 114,
    "cumulative_return": 0.012629486948182667,
    "annualized_return": 0.0055640199478381724,
    "sharpe": 0.158592682683319,
    "max_drawdown": -0.3305384212362886,
    "win_rate": 0.4298245614035088,
    "avg_turnover": 0.7894736842105263,
    "avg_holdings": 1.3859649122807018
  }
}