{
  "variant": "full_features",
  "n_features": 48,
  "n_dc_features": 10,
  "best_epoch": 2,
  "best_score": 0.35373317994784303,
  "val_classification": {
    "accuracy": 0.5167664670658683,
    "precision": 0.5252952975261868,
    "recall": 0.8901057401812689,
    "f1": 0.6606867554309741,
    "auc": 0.48321436976703136
  },
  "test_classification": {
    "accuracy": 0.537809187279152,
    "precision": 0.5679611650485437,
    "recall": 0.7668539325842697,
    "f1": 0.652589641434263,
    "auc": 0.5069457787903557
  },
  "val_fixed_strategy": {
    "periods": 101,
    "cumulative_return": 0.04438504739870064,
    "annualized_return": 0.021907646406707837,
    "sharpe": 0.2156498594069041,
    "max_drawdown": -0.23369316055186706,
    "win_rate": 0.5247524752475248,
    "avg_turnover": 1.108910891089109,
    "avg_holdings": 1.9702970297029703
  },
  "test_fixed_strategy": {
    "periods": 114,
    "cumulative_return": 0.5222782643998893,
    "annualized_return": 0.2041527405277317,
    "sharpe": 0.8231522981447288,
    "max_drawdown": -0.2956244493969945,
    "win_rate": 0.5526315789473685,
    "avg_turnover": 0.8508771929824561,
    "avg_holdings": 1.912280701754386
  }
}