{
  "final_config": {
    "mode": "topk",
    "top_k": 3,
    "min_prob": 0.54,
    "threshold": 0.5
  },
  "validation_metrics": {
    "periods": 101,
    "cumulative_return": 0.2155103431180656,
    "annualized_return": 0.1022888385536791,
    "sharpe": 0.5330343393739043,
    "max_drawdown": -0.2664498209786643,
    "win_rate": 0.5247524752475248,
    "avg_turnover": 0.8283828382838284,
    "avg_holdings": 3.0,
    "avg_exposure": 1.0
  },
  "test_metrics": {
    "periods": 113,
    "cumulative_return": 0.48666061050135423,
    "annualized_return": 0.19346455778557958,
    "sharpe": 1.006162435471556,
    "max_drawdown": -0.24864610302098689,
    "win_rate": 0.5929203539823009,
    "avg_turnover": 0.9056047197640118,
    "avg_holdings": 2.8672566371681416,
    "avg_exposure": 0.9911504424778761
  },
  "all_period_metrics": {
    "periods": 800,
    "cumulative_return": 24.033372233248134,
    "annualized_return": 0.22491716207421186,
    "sharpe": 1.100782174797697,
    "max_drawdown": -0.31393078198706703,
    "win_rate": 0.6025,
    "avg_turnover": 0.87875,
    "avg_holdings": 2.965,
    "avg_exposure": 0.99375
  }
}