fold_id,strategy_type,cost_bps,periods,cumulative_return,annualized_return,sharpe,max_drawdown,win_rate,avg_turnover,avg_holdings
7,selected,5.0,26,0.011329295977388743,0.022078125477599908,0.2057003649387026,-0.12275992585202233,0.46153846153846156,0.9230769230769231,2.0
7,selected,10.0,26,-0.0007275558692247941,-0.0014098575844754269,0.10412857518076925,-0.12498807097599729,0.46153846153846156,0.9230769230769231,2.0
7,selected,20.0,26,-0.02443078757526862,-0.046814969760815894,-0.09922049121554488,-0.12991518998712748,0.38461538461538464,0.9230769230769231,2.0
7,current_fixed,5.0,26,0.0033906137292532,0.006583030415471036,0.1453611221334449,-0.12275992585202233,0.46153846153846156,0.8846153846153846,1.6153846153846154
7,current_fixed,10.0,26,-0.00810624878661137,-0.015653871496451366,0.05512465458212001,-0.12498807097599729,0.4230769230769231,0.8846153846153846,1.6153846153846154
7,current_fixed,20.0,26,-0.03072456151909564,-0.058699187367068695,-0.12500813791745802,-0.12991518998712748,0.34615384615384615,0.8846153846153846,1.6153846153846154
