{
  "fixed_strategy_config": {
    "mode": "topk",
    "top_k": 2,
    "min_prob": 0.54,
    "threshold": 0.5
  },
  "transaction_cost_bps": 10.0,
  "dc_feature_count": 10,
  "dc_features": [
    "dc_dist_extreme",
    "dc_event",
    "dc_event_density_20",
    "dc_run_length",
    "dc_tmv",
    "dc_trend",
    "mkt_dc_event",
    "mkt_dc_run_length",
    "mkt_dc_tmv",
    "mkt_dc_trend"
  ],
  "variant_summaries": [
    {
      "variant": "full_features",
      "n_features": 48,
      "n_dc_features": 10,
      "best_epoch": 3,
      "best_score": 0.9497378847094932,
      "val_classification": {
        "accuracy": 0.49880239520958086,
        "precision": 0.5175506021009479,
        "recall": 0.7628398791540786,
        "f1": 0.6166997404976339,
        "auc": 0.47109236501403134
      },
      "test_classification": {
        "accuracy": 0.4929328621908127,
        "precision": 0.564429012345679,
        "recall": 0.4566167290886392,
        "f1": 0.5048309178743962,
        "auc": 0.5039298393295026
      },
      "val_fixed_strategy": {
        "periods": 101,
        "cumulative_return": 0.14975151809103715,
        "annualized_return": 0.07211652956775327,
        "sharpe": 0.40160257277856093,
        "max_drawdown": -0.19183520012607413,
        "win_rate": 0.46534653465346537,
        "avg_turnover": 1.0198019801980198,
        "avg_holdings": 1.7425742574257426
      },
      "test_fixed_strategy": {
        "periods": 114,
        "cumulative_return": 0.5403548859362135,
        "annualized_return": 0.2104535792290012,
        "sharpe": 0.8184702479928769,
        "max_drawdown": -0.3150353400769985,
        "win_rate": 0.39473684210526316,
        "avg_turnover": 0.7543859649122807,
        "avg_holdings": 1.1228070175438596
      }
    },
    {
      "variant": "no_dc",
      "n_features": 38,
      "n_dc_features": 0,
      "best_epoch": 5,
      "best_score": 0.23285674303344367,
      "val_classification": {
        "accuracy": 0.5183632734530939,
        "precision": 0.5275111215172091,
        "recall": 0.8508308157099698,
        "f1": 0.6512501806619454,
        "auc": 0.47928052996717924
      },
      "test_classification": {
        "accuracy": 0.5095406360424029,
        "precision": 0.5631641086186541,
        "recall": 0.5955056179775281,
        "f1": 0.5788834951456311,
        "auc": 0.5006235843225284
      },
      "val_fixed_strategy": {
        "periods": 101,
        "cumulative_return": 0.03135344379362315,
        "annualized_return": 0.015524690198963631,
        "sharpe": 0.18656738960772437,
        "max_drawdown": -0.2721170868009716,
        "win_rate": 0.5148514851485149,
        "avg_turnover": 0.9108910891089109,
        "avg_holdings": 1.9702970297029703
      },
      "test_fixed_strategy": {
        "periods": 114,
        "cumulative_return": 0.28793054508928395,
        "annualized_return": 0.11836618574940139,
        "sharpe": 0.5779878938436042,
        "max_drawdown": -0.19625574169841198,
        "win_rate": 0.4824561403508772,
        "avg_turnover": 0.7543859649122807,
        "avg_holdings": 1.7105263157894737
      }
    },
    {
      "variant": "dc_only",
      "n_features": 10,
      "n_dc_features": 10,
      "best_epoch": 2,
      "best_score": 2.161866062193467,
      "val_classification": {
        "accuracy": 0.5285429141716567,
        "precision": 0.5285429141716567,
        "recall": 1.0,
        "f1": 0.691564377121964,
        "auc": 0.5106539595969415
      },
      "test_classification": {
        "accuracy": 0.566077738515901,
        "precision": 0.566077738515901,
        "recall": 1.0,
        "f1": 0.7229241877256317,
        "auc": 0.49108015174435865
      },
      "val_fixed_strategy": {
        "periods": 101,
        "cumulative_return": 0.3778230950213308,
        "annualized_return": 0.17343466762899684,
        "sharpe": 0.7959317182536205,
        "max_drawdown": -0.20238032350356938,
        "win_rate": 0.5445544554455446,
        "avg_turnover": 1.2376237623762376,
        "avg_holdings": 2.0
      },
      "test_fixed_strategy": {
        "periods": 114,
        "cumulative_return": 0.5626851714073529,
        "annualized_return": 0.21818039711398063,
        "sharpe": 1.074557764713055,
        "max_drawdown": -0.16074942273220094,
        "win_rate": 0.5789473684210527,
        "avg_turnover": 1.2017543859649122,
        "avg_holdings": 2.0
      }
    }
  ]
}