{
  "ablation_dir": "D:\\python\\dissertation\\Model Runs\\ablations\\sticky_execution\\run_20260415_010019",
  "static_strategy": "frozen_static_baseline",
  "sticky_strategy": "optimized_sticky_execution",
  "static_summary": {
    "n_bootstrap": 2000,
    "block_length": 5,
    "orig_periods": 114,
    "cumret_mean": 0.5526112182479113,
    "cumret_median": 0.48506287326612274,
    "cumret_ci_5": -0.10869966736115029,
    "cumret_ci_95": 1.476445780688152,
    "annret_mean": 0.20076250441435173,
    "annret_ci_5": -0.04960236790283521,
    "annret_ci_95": 0.4931856026228477,
    "sharpe_mean": 0.9586727332688795,
    "sharpe_median": 0.916839521774313,
    "sharpe_ci_5": -0.11108138087785425,
    "sharpe_ci_95": 2.20814166231318,
    "mdd_mean": -0.21567004393054243,
    "mdd_ci_5": -0.3514848688417887,
    "mdd_ci_95": -0.11839554519510495,
    "prob_cumret_positive": 0.897,
    "prob_sharpe_positive": 0.93
  },
  "sticky_summary": {
    "n_bootstrap": 2000,
    "block_length": 5,
    "orig_periods": 114,
    "cumret_mean": 0.23915177594616374,
    "cumret_median": 0.19664939961697725,
    "cumret_ci_5": -0.25385506061458707,
    "cumret_ci_95": 0.88125400907861,
    "annret_mean": 0.08944970420473744,
    "annret_ci_5": -0.12143387487384345,
    "annret_ci_95": 0.32231416246235234,
    "sharpe_mean": 0.4902582879970243,
    "sharpe_median": 0.48420981667486507,
    "sharpe_ci_5": -0.4540852534512936,
    "sharpe_ci_95": 1.4565485831959075,
    "mdd_mean": -0.23313192619406486,
    "mdd_ci_5": -0.3950244355425506,
    "mdd_ci_95": -0.12181901575425791,
    "prob_cumret_positive": 0.747,
    "prob_sharpe_positive": 0.8125
  },
  "paired_difference_summary": {
    "n_bootstrap": 2000,
    "block_length": 5,
    "paired_periods": 114,
    "cumret_diff_mean": -0.2998582241778546,
    "cumret_diff_ci_5": -0.8838370377872359,
    "cumret_diff_ci_95": 0.19101122330872639,
    "prob_sticky_beats_static_cumret": 0.1645,
    "prob_static_beats_sticky_cumret": 0.8355,
    "sharpe_diff_mean": -0.4470413743714997,
    "sharpe_diff_ci_5": -1.201066592044881,
    "sharpe_diff_ci_95": 0.30863611674565733,
    "prob_sticky_beats_static_sharpe": 0.1645,
    "prob_static_beats_sticky_sharpe": 0.8355,
    "mdd_diff_mean": -0.01842961823257031,
    "mdd_diff_ci_5": -0.13488414054180334,
    "mdd_diff_ci_95": 0.08287141259649584,
    "prob_sticky_beats_static_mdd": 0.3955,
    "prob_static_beats_sticky_mdd": 0.604
  }
}