fold_id,strategy_type,cost_bps,periods,cumulative_return,annualized_return,sharpe,max_drawdown,win_rate,avg_turnover,avg_holdings
6,selected,5.0,26,0.1649951460332295,0.3445183928343183,2.5354130312982814,-0.046729327862812475,0.7307692307692307,1.1153846153846154,2.8846153846153846
6,selected,10.0,26,0.1482958864391446,0.30741059196990683,2.295507617483071,-0.04739599452947907,0.7307692307692307,1.1153846153846154,2.8846153846153846
6,selected,20.0,26,0.11558161743649742,0.23617381138789484,1.8182869125367693,-0.049959049014948076,0.6923076923076923,1.1153846153846154,2.8846153846153846
6,current_fixed,5.0,26,0.13843566493641957,0.28573612912139934,2.4062968820016417,-0.024825992170245614,0.34615384615384615,0.8461538461538461,0.8076923076923077
6,current_fixed,10.0,26,0.12607898813243912,0.2588217608696972,2.22128622793147,-0.0260540209192488,0.34615384615384615,0.8461538461538461,0.8076923076923077
6,current_fixed,20.0,26,0.10174548301080022,0.20662672520196979,1.8423333647424653,-0.030939770036756076,0.34615384615384615,0.8461538461538461,0.8076923076923077
