fold_id,strategy_type,cost_bps,periods,cumulative_return,annualized_return,sharpe,max_drawdown,win_rate,avg_turnover,avg_holdings
1,selected,5.0,26,0.07836644621872546,0.15748758236648608,0.7337095982792691,-0.17685227873118803,0.6538461538461539,0.9230769230769231,1.9615384615384615
1,selected,10.0,26,0.06559230612065137,0.13105634356147733,0.6366358036126689,-0.18063160959973734,0.6538461538461539,0.9230769230769231,1.9615384615384615
1,selected,20.0,26,0.040474860060288886,0.0799478318750253,0.4411161248213599,-0.18814403646123645,0.6538461538461539,0.9230769230769231,1.9615384615384615
1,current_fixed,5.0,26,-0.03938217458324045,-0.07492895172467695,-0.327677270082239,-0.16562652277205248,0.4230769230769231,0.8846153846153846,1.0769230769230769
1,current_fixed,10.0,26,-0.0503886192666223,-0.09536453062215644,-0.4475275532673915,-0.16820436053982324,0.4230769230769231,0.8846153846153846,1.0769230769230769
1,current_fixed,20.0,26,-0.07204210405898004,-0.13492292482701074,-0.6871500417772688,-0.1733914650466427,0.4230769230769231,0.8846153846153846,1.0769230769230769
