{
  "selection_policy": "validation_only_cleaned_no_test_leakage_loose_sticky",
  "current_frozen_cfg": {
    "mode": "topk",
    "top_k": 4,
    "min_prob": 0.58,
    "threshold": 0.5
  },
  "optimized_execution_cfg": {
    "mode": "topk",
    "top_k": 2,
    "entry_prob": 0.57,
    "exit_prob": 0.5599999999999999,
    "threshold": 0.5,
    "switch_buffer": 0.005,
    "min_hold_periods": 0,
    "max_new_names_per_rebalance": 2
  },
  "search_space_profile": {
    "profile_name": "loose_sticky_v1",
    "topk_grid": [
      2
    ],
    "entry_prob_grid": [
      0.54,
      0.55,
      0.56,
      0.57
    ],
    "exit_gap_grid": [
      0.0,
      0.01,
      0.02
    ],
    "switch_buffer_grid": [
      0.0,
      0.005,
      0.01
    ],
    "min_hold_grid": [
      0
    ],
    "max_new_names_grid": [
      2
    ],
    "turnover_penalty": 0.2,
    "exposure_reward": 0.2,
    "holdings_reward": 0.1,
    "target_val_mdd_floor": -0.25,
    "target_val_turnover_cap": 1.1
  },
  "validation_baseline": {
    "current_frozen_cfg": {
      "mode": "topk",
      "top_k": 4,
      "min_prob": 0.58,
      "threshold": 0.5
    },
    "baseline_val": {
      "periods": 101,
      "cumulative_return": 0.020130819024762436,
      "annualized_return": 0.009995325850284287,
      "sharpe": 0.20113156090074,
      "max_drawdown": -0.06416500073164932,
      "win_rate": 0.019801980198019802,
      "avg_turnover": 0.11221122112211222,
      "avg_holdings": 0.09900990099009901,
      "avg_exposure": 0.0594059405940594
    }
  },
  "best_search_row": {
    "top_k": 2,
    "entry_prob": 0.57,
    "exit_prob": 0.5599999999999999,
    "exit_gap": 0.01,
    "switch_buffer": 0.005,
    "min_hold_periods": 0,
    "max_new_names_per_rebalance": 2,
    "mdd_ok": true,
    "turnover_ok": true,
    "all_constraints_ok": true,
    "selection_score": 2.269603784747338,
    "val_cumret": 0.1566754921922313,
    "val_sharpe": 0.7945639636642168,
    "val_mdd": -0.0797220214496851,
    "val_turnover": 0.18811881188118812,
    "val_avg_holdings": 0.19801980198019803,
    "val_win_rate": 0.04950495049504951,
    "val_annualized_return": 0.07533351379323472,
    "val_avg_exposure": 0.12871287128712872,
    "val_holdings_fill_ratio": 0.09900990099009901
  },
  "current_val_metrics": {
    "periods": 101,
    "cumulative_return": 0.020130819024762436,
    "annualized_return": 0.009995325850284287,
    "sharpe": 0.20113156090074,
    "max_drawdown": -0.06416500073164932,
    "win_rate": 0.019801980198019802,
    "avg_turnover": 0.11221122112211222,
    "avg_holdings": 0.09900990099009901,
    "avg_exposure": 0.0594059405940594
  },
  "current_test_metrics": {
    "periods": 114,
    "cumulative_return": 0.09997209521919981,
    "annualized_return": 0.04302580481145246,
    "sharpe": 0.8213597193379022,
    "max_drawdown": -0.001000000000000112,
    "win_rate": 0.017543859649122806,
    "avg_turnover": 0.03508771929824561,
    "avg_holdings": 0.017543859649122806,
    "avg_exposure": 0.017543859649122806
  },
  "optimized_val_metrics": {
    "periods": 101,
    "cumulative_return": 0.1566754921922313,
    "annualized_return": 0.07533351379323472,
    "sharpe": 0.7945639636642168,
    "max_drawdown": -0.0797220214496851,
    "win_rate": 0.04950495049504951,
    "avg_turnover": 0.18811881188118812,
    "avg_holdings": 0.19801980198019803,
    "avg_exposure": 0.12871287128712872
  },
  "optimized_test_metrics": {
    "periods": 114,
    "cumulative_return": 0.15245869887187746,
    "annualized_return": 0.06474326239885264,
    "sharpe": 0.8677394599447005,
    "max_drawdown": -0.03909135218297766,
    "win_rate": 0.03508771929824561,
    "avg_turnover": 0.08771929824561403,
    "avg_holdings": 0.06140350877192982,
    "avg_exposure": 0.043859649122807015
  }
}