{
  "variant": "full_features",
  "n_features": 48,
  "n_dc_features": 10,
  "best_epoch": 3,
  "best_score": 0.9497378847094932,
  "val_classification": {
    "accuracy": 0.49880239520958086,
    "precision": 0.5175506021009479,
    "recall": 0.7628398791540786,
    "f1": 0.6166997404976339,
    "auc": 0.47109236501403134
  },
  "test_classification": {
    "accuracy": 0.4929328621908127,
    "precision": 0.564429012345679,
    "recall": 0.4566167290886392,
    "f1": 0.5048309178743962,
    "auc": 0.5039298393295026
  },
  "val_fixed_strategy": {
    "periods": 101,
    "cumulative_return": 0.14975151809103715,
    "annualized_return": 0.07211652956775327,
    "sharpe": 0.40160257277856093,
    "max_drawdown": -0.19183520012607413,
    "win_rate": 0.46534653465346537,
    "avg_turnover": 1.0198019801980198,
    "avg_holdings": 1.7425742574257426
  },
  "test_fixed_strategy": {
    "periods": 114,
    "cumulative_return": 0.5403548859362135,
    "annualized_return": 0.2104535792290012,
    "sharpe": 0.8184702479928769,
    "max_drawdown": -0.3150353400769985,
    "win_rate": 0.39473684210526316,
    "avg_turnover": 0.7543859649122807,
    "avg_holdings": 1.1228070175438596
  }
}