fold_id,strategy_type,cost_bps,periods,cumulative_return,annualized_return,sharpe,max_drawdown,win_rate,avg_turnover,avg_holdings
12,selected,5.0,26,0.11326250789433412,0.23119721085241984,1.520093413589964,-0.05088981190677622,0.6153846153846154,1.0256410256410255,2.576923076923077
12,selected,10.0,26,0.09857089485858572,0.19989620516746665,1.33995894252934,-0.0547020419050569,0.6153846153846154,1.0256410256410255,2.576923076923077
12,selected,20.0,26,0.06973922816420286,0.13960442195399048,0.9792780105651436,-0.06238773904746486,0.5384615384615384,1.0256410256410255,2.576923076923077
12,current_fixed,5.0,26,0.104640222971355,0.21277981811832647,1.3141101975875071,-0.1084977798132819,0.5384615384615384,1.1538461538461537,1.8076923076923077
12,current_fixed,10.0,26,0.08826728254781857,0.17817687708632368,1.1291708918523256,-0.11210963764936166,0.5384615384615384,1.1538461538461537,1.8076923076923077
12,current_fixed,20.0,26,0.05620813694573745,0.1118277507151566,0.757098377001565,-0.11956859027744915,0.5,1.1538461538461537,1.8076923076923077
