fold_id,strategy_type,cost_bps,periods,cumulative_return,annualized_return,sharpe,max_drawdown,win_rate,avg_turnover,avg_holdings
2,selected,5.0,26,0.24412030494761305,0.5271689006431659,2.7209125628232718,-0.07175982406766579,0.6923076923076923,0.8333333333333333,2.769230769230769
2,selected,10.0,26,0.23080936675383623,0.49565484692714357,2.5888492377266186,-0.0727309086973843,0.6923076923076923,0.8333333333333333,2.769230769230769
2,selected,20.0,26,0.20458888984858703,0.43450811002410017,2.323951116157695,-0.07467174462348769,0.6538461538461539,0.8333333333333333,2.769230769230769
2,current_fixed,5.0,26,0.21823348647291585,0.4661734169303968,2.443104703678636,-0.07570883021623886,0.6153846153846154,0.8461538461538461,1.4230769230769231
2,current_fixed,10.0,26,0.20501082212248245,0.4354822816198358,2.313514104879839,-0.07620540175980905,0.6153846153846154,0.8461538461538461,1.4230769230769231
2,current_fixed,20.0,26,0.17896664760755132,0.3759509267770935,2.0522000609437785,-0.07719854484694932,0.6153846153846154,0.8461538461538461,1.4230769230769231
