fold_id,split_name_val,mode,top_k,min_prob,threshold,constraints_ok_val,periods_val,cumulative_return_val,annualized_return_val,sharpe_val,max_drawdown_val,win_rate_val,avg_turnover_val,avg_holdings_val,split_name_test,constraints_ok_test,periods_test,cumulative_return_test,annualized_return_test,sharpe_test,max_drawdown_test,win_rate_test,avg_turnover_test,avg_holdings_test
20,val,topk,3,0.56,0.5,True,26,-0.01970803262348997,-0.03784983058107161,-0.08195403953080972,-0.15418947330747523,0.19230769230769232,0.5000000000000001,0.5769230769230769,test,,26,0.050711778497008364,0.10063959862455096,0.4786737746287524,-0.11764041507963041,0.2692307692307692,0.5384615384615384,0.7692307692307693
20,val,topk,3,0.58,0.5,True,26,0.13890673626379435,0.28676763457609034,2.3616520734426256,-0.002434297399202978,0.11538461538461539,0.16666666666666669,0.23076923076923078,test,,26,-0.20570302373431415,-0.3600873191773941,-0.8715842638934355,-0.27689294180715773,0.15384615384615385,0.4102564102564103,0.38461538461538464
20,val,topk,4,0.56,0.5,True,26,-0.005371216176257798,-0.010385651560214981,0.0540542661144393,-0.14610818980973594,0.19230769230769232,0.5128205128205129,0.6538461538461539,test,,26,0.040165386463354436,0.07932525733042284,0.4078786918586867,-0.12010699429176597,0.23076923076923078,0.5769230769230769,0.8846153846153846
20,val,topk,4,0.58,0.5,True,26,0.14462698056754397,0.2993252143479652,2.354222726201499,-0.002434297399202978,0.11538461538461539,0.17307692307692307,0.2692307692307692,test,,26,-0.21436440032278448,-0.37354448346623936,-0.9250023676411131,-0.27894417702211205,0.11538461538461539,0.4166666666666667,0.4230769230769231
