fold_id,strategy_type,cost_bps,periods,cumulative_return,annualized_return,sharpe,max_drawdown,win_rate,avg_turnover,avg_holdings
20,selected,5.0,26,-0.20131066998700908,-0.35321002474271157,-0.846614176858332,-0.2758646930292834,0.15384615384615385,0.4102564102564103,0.38461538461538464
20,selected,10.0,26,-0.20570302373431415,-0.3600873191773941,-0.8715842638934355,-0.27689294180715773,0.15384615384615385,0.4102564102564103,0.38461538461538464
20,selected,20.0,26,-0.2144240548415669,-0.3736366883967108,-0.921316190095278,-0.27894743936290634,0.15384615384615385,0.4102564102564103,0.38461538461538464
20,current_fixed,5.0,26,0.0479873136161848,0.09511410376939344,0.4598101851943544,-0.11891747811291098,0.23076923076923078,0.5769230769230769,0.8846153846153846
20,current_fixed,10.0,26,0.040165386463354436,0.07932525733042284,0.4078786918586867,-0.12010699429176597,0.23076923076923078,0.5769230769230769,0.8846153846153846
20,current_fixed,20.0,26,0.02468191637395245,0.048398783794712186,0.30384324160796483,-0.12248377664947585,0.23076923076923078,0.5769230769230769,0.8846153846153846
