{
  "cost_bps": 10.0,
  "static_baseline_cfg": {
    "mode": "static_topk",
    "top_k": 4,
    "min_prob": 0.54
  },
  "final_sticky_cfg": {
    "mode": "topk",
    "top_k": 2,
    "entry_prob": 0.6,
    "exit_prob": 0.5599999999999999,
    "threshold": 0.5,
    "switch_buffer": 0.0,
    "min_hold_periods": 2,
    "max_new_names_per_rebalance": 1
  },
  "static_val_metrics": {
    "periods": 101,
    "cumulative_return": 0.3837765421434334,
    "annualized_return": 0.17596206664635905,
    "sharpe": 0.8018562969115771,
    "max_drawdown": -0.23475007841823936,
    "win_rate": 0.5148514851485149,
    "avg_turnover": 0.6881188118811881,
    "avg_holdings": 3.9702970297029703,
    "avg_exposure": 1.0,
    "avg_max_sector_weight": 0.5165016501650165,
    "avg_distinct_sectors": 2.8415841584158414,
    "nvda_presence_rate": 0.10891089108910891
  },
  "static_test_metrics": {
    "periods": 113,
    "cumulative_return": 0.6161132694683391,
    "annualized_return": 0.23874555995531765,
    "sharpe": 1.15449513372014,
    "max_drawdown": -0.23217699363218125,
    "win_rate": 0.5752212389380531,
    "avg_turnover": 0.7964601769911505,
    "avg_holdings": 3.725663716814159,
    "avg_exposure": 0.9911504424778761,
    "avg_max_sector_weight": 0.5147492625368731,
    "avg_distinct_sectors": 2.7787610619469025,
    "nvda_presence_rate": 0.49557522123893805
  },
  "sticky_val_metrics": {
    "periods": 101,
    "cumulative_return": 0.4254503311394271,
    "annualized_return": 0.19350327976862935,
    "sharpe": 0.8917161580351498,
    "max_drawdown": -0.21275964205111197,
    "win_rate": 0.504950495049505,
    "avg_turnover": 0.7029702970297029,
    "avg_holdings": 1.8712871287128714,
    "avg_exposure": 0.9900990099009901,
    "avg_max_sector_weight": 0.6138613861386139,
    "avg_distinct_sectors": 1.7425742574257426,
    "nvda_presence_rate": 0.039603960396039604
  },
  "sticky_test_metrics": {
    "periods": 113,
    "cumulative_return": 0.5139120177125063,
    "annualized_return": 0.2031729833821292,
    "sharpe": 1.134012079864403,
    "max_drawdown": -0.1731837096755079,
    "win_rate": 0.415929203539823,
    "avg_turnover": 0.6194690265486725,
    "avg_holdings": 1.1415929203539823,
    "avg_exposure": 0.7345132743362832,
    "avg_max_sector_weight": 0.5575221238938053,
    "avg_distinct_sectors": 1.0884955752212389,
    "nvda_presence_rate": 0.168141592920354
  }
}