{
  "variant": "full_features",
  "n_features": 48,
  "n_dc_features": 10,
  "best_epoch": 7,
  "best_score": 1.6049262391022106,
  "val_classification": {
    "accuracy": 0.5027944111776447,
    "precision": 0.5199593185863208,
    "recall": 0.7722809667673716,
    "f1": 0.6214860963379426,
    "auc": 0.47925239056972047
  },
  "test_classification": {
    "accuracy": 0.5033568904593639,
    "precision": 0.5747432483834157,
    "recall": 0.4715980024968789,
    "f1": 0.5180867478141608,
    "auc": 0.5140489468579585
  },
  "val_fixed_strategy": {
    "periods": 101,
    "cumulative_return": 0.2641789613398182,
    "annualized_return": 0.12409619738344624,
    "sharpe": 0.6155118809835642,
    "max_drawdown": -0.17792565639524138,
    "win_rate": 0.5247524752475248,
    "avg_turnover": 1.0297029702970297,
    "avg_holdings": 1.8613861386138615
  },
  "test_fixed_strategy": {
    "periods": 114,
    "cumulative_return": 0.2612806902414082,
    "annualized_return": 0.10807563097142836,
    "sharpe": 0.5290418654918735,
    "max_drawdown": -0.3481511091928189,
    "win_rate": 0.42105263157894735,
    "avg_turnover": 0.9385964912280702,
    "avg_holdings": 1.3070175438596492
  }
}