fold_id,strategy_type,cost_bps,periods,cumulative_return,annualized_return,sharpe,max_drawdown,win_rate,avg_turnover,avg_holdings
1,selected,5.0,26,0.07836655720143115,0.1574878132869877,0.733710715513234,-0.1768520659773194,0.6538461538461539,0.9230769230769231,1.9615384615384615
1,selected,10.0,26,0.06559241572728913,0.13105656908260221,0.636636869936327,-0.1806313977141607,0.6538461538461539,0.9230769230769231,1.9615384615384615
1,selected,20.0,26,0.040474966962431136,0.07994804696234281,0.44111708980014475,-0.18814382630294757,0.6538461538461539,0.9230769230769231,1.9615384615384615
1,current_fixed,5.0,26,-0.03938217100577346,-0.07492894504651004,-0.3276767811825996,-0.16562604646503465,0.4230769230769231,0.8846153846153846,1.0769230769230769
1,current_fixed,10.0,26,-0.050388615839650486,-0.09536452429373454,-0.44752695163037154,-0.1682038854643988,0.4230769230769231,0.8846153846153846,1.0769230769230769
1,current_fixed,20.0,26,-0.07204210092511854,-0.1349229191637895,-0.6871492102659581,-0.1733915331152217,0.4230769230769231,0.8846153846153846,1.0769230769230769
