fold_id,split_name_val,mode,top_k,min_prob,threshold,constraints_ok_val,periods_val,cumulative_return_val,annualized_return_val,sharpe_val,max_drawdown_val,win_rate_val,avg_turnover_val,avg_holdings_val,split_name_test,constraints_ok_test,periods_test,cumulative_return_test,annualized_return_test,sharpe_test,max_drawdown_test,win_rate_test,avg_turnover_test,avg_holdings_test
16,val,topk,3,0.56,0.5,True,26,-0.07287239136924173,-0.1364227123752021,-0.9442901047922855,-0.10073637611143704,0.11538461538461539,0.39743589743589747,0.34615384615384615,test,,26,-0.07043791502150298,-0.13202163311575066,-1.2273201812668437,-0.08896468494308962,0.038461538461538464,0.20512820512820515,0.19230769230769232
16,val,topk,3,0.58,0.5,True,26,0.07856934877588984,0.15790979675070838,1.8868607860015163,-0.001000000000000112,0.11538461538461539,0.11538461538461539,0.11538461538461539,test,,26,-0.06530834444065658,-0.12271287695931354,-1.1088271390499314,-0.08863638093173254,0.038461538461538464,0.19230769230769232,0.15384615384615385
16,val,topk,4,0.56,0.5,True,26,-0.07287239136924173,-0.1364227123752021,-0.9442901047922855,-0.10073637611143704,0.11538461538461539,0.39743589743589747,0.34615384615384615,test,,26,-0.07043791502150298,-0.13202163311575066,-1.2273201812668437,-0.08896468494308962,0.038461538461538464,0.20512820512820515,0.19230769230769232
16,val,topk,4,0.58,0.5,True,26,0.07856934877588984,0.15790979675070838,1.8868607860015163,-0.001000000000000112,0.11538461538461539,0.11538461538461539,0.11538461538461539,test,,26,-0.06530834444065658,-0.12271287695931354,-1.1088271390499314,-0.08863638093173254,0.038461538461538464,0.19230769230769232,0.15384615384615385
