fold_id,strategy_type,cost_bps,periods,cumulative_return,annualized_return,sharpe,max_drawdown,win_rate,avg_turnover,avg_holdings
16,selected,5.0,26,-0.06293601332172771,-0.11839149383442038,-1.0700068678175554,-0.08676847800211585,0.038461538461538464,0.19230769230769232,0.15384615384615385
16,selected,10.0,26,-0.06530834444065658,-0.12271287695931354,-1.1088271390499314,-0.08863638093173254,0.038461538461538464,0.19230769230769232,0.15384615384615385
16,selected,20.0,26,-0.07003859681997426,-0.13129870631394835,-1.1850186348657883,-0.09236359204488231,0.038461538461538464,0.19230769230769232,0.15384615384615385
16,current_fixed,5.0,26,-0.06790825539733647,-0.127437006617658,-1.1882671047433482,-0.08693287761525736,0.038461538461538464,0.20512820512820515,0.19230769230769232
16,current_fixed,10.0,26,-0.07043791502150298,-0.13202163311575066,-1.2273201812668437,-0.08896468494308962,0.038461538461538464,0.20512820512820515,0.19230769230769232
16,current_fixed,20.0,26,-0.07548086658513331,-0.1411263281839018,-1.3033257340486795,-0.09301822219227707,0.038461538461538464,0.20512820512820515,0.19230769230769232
