fold_id,strategy_type,cost_bps,periods,cumulative_return,annualized_return,sharpe,max_drawdown,win_rate,avg_turnover,avg_holdings
10,selected,5.0,26,0.4427571386037348,1.035119694338937,3.239745604363876,-0.0327445179622321,0.5769230769230769,1.0769230769230769,1.5
10,selected,10.0,26,0.422981301982593,0.9813935471528716,3.1224272742862844,-0.03421166026065692,0.5769230769230769,1.0769230769230769,1.5
10,selected,20.0,26,0.38419644763523264,0.878046623226475,2.886445737489087,-0.037907761055149036,0.5769230769230769,1.0769230769230769,1.5
10,current_fixed,5.0,26,0.40235797215422475,0.9261065381193392,2.9610087731035075,-0.0327445179622321,0.5,0.9230769230769231,1.2307692307692308
10,current_fixed,10.0,26,0.38584257063932026,0.8823784430462782,2.8613127721671554,-0.03421166026065703,0.5,0.9230769230769231,1.2307692307692308
10,current_fixed,20.0,26,0.3533569244077148,0.7977851338915016,2.660677314443411,-0.03714294485750691,0.5,0.9230769230769231,1.2307692307692308
