fold_id,strategy_type,cost_bps,periods,cumulative_return,annualized_return,sharpe,max_drawdown,win_rate,avg_turnover,avg_holdings
9,selected,5.0,26,0.28951238732982043,0.6370261627942397,1.5725782991313837,-0.20200738195572476,0.6153846153846154,1.1153846153846154,1.6153846153846154
9,selected,10.0,26,0.2713116242903151,0.5925333181928512,1.4970400766736358,-0.20362530217280417,0.5769230769230769,1.1153846153846154,1.6153846153846154
9,selected,20.0,26,0.23564267711978082,0.5070610712854526,1.344704044052845,-0.20685489650245525,0.5769230769230769,1.1153846153846154,1.6153846153846154
9,current_fixed,5.0,26,0.2322131623060053,0.4989633687114081,1.3255873200417223,-0.20200738195572476,0.5,1.0384615384615385,1.3461538461538463
9,current_fixed,10.0,26,0.2160138561538376,0.46099947946123,1.254912343220455,-0.20362530217280417,0.5,1.0384615384615385,1.3461538461538463
9,current_fixed,20.0,26,0.18422003209916893,0.38786073637649743,1.112248676763404,-0.20685489650245514,0.5,1.0384615384615385,1.3461538461538463
