fold_id,strategy_type,cost_bps,periods,cumulative_return,annualized_return,sharpe,max_drawdown,win_rate,avg_turnover,avg_holdings
6,selected,5.0,26,0.06584716769665921,0.13158079279306856,0.7445189580078916,-0.13009524023484487,0.46153846153846156,0.6538461538461539,1.1538461538461537
6,selected,10.0,26,0.056926423110549296,0.11329391032861791,0.6605103748305339,-0.13098104500790075,0.46153846153846156,0.6538461538461539,1.1538461538461537
6,selected,20.0,26,0.03929379303286229,0.07757278857366545,0.49012442681865137,-0.13275130087169573,0.46153846153846156,0.6538461538461539,1.1538461538461537
6,current_fixed,5.0,26,0.06584716769665921,0.13158079279306856,0.7445189580078916,-0.13009524023484487,0.46153846153846156,0.6538461538461539,1.1538461538461537
6,current_fixed,10.0,26,0.056926423110549296,0.11329391032861791,0.6605103748305339,-0.13098104500790075,0.46153846153846156,0.6538461538461539,1.1538461538461537
6,current_fixed,20.0,26,0.03929379303286229,0.07757278857366545,0.49012442681865137,-0.13275130087169573,0.46153846153846156,0.6538461538461539,1.1538461538461537
