fold_id,strategy_type,cost_bps,periods,cumulative_return,annualized_return,sharpe,max_drawdown,win_rate,avg_turnover,avg_holdings
14,selected,5.0,26,-0.14936584332577485,-0.26918213704927385,-0.8548044159841838,-0.18410363824877862,0.5,1.1153846153846154,2.0
14,selected,10.0,26,-0.16168543260495816,-0.28955994289470033,-0.9457251670430066,-0.19220673513724806,0.5,1.1153846153846154,2.0
14,selected,20.0,26,-0.18581716940891602,-0.32866712648569574,-1.1277252399476623,-0.21084186591015386,0.5,1.1153846153846154,2.0
14,current_fixed,5.0,26,0.11198164471584615,0.22845276013541116,0.9497125274626939,-0.07456675106711519,0.46153846153846156,1.1538461538461537,1.3461538461538463
14,current_fixed,10.0,26,0.09551035662997265,0.1934247424147182,0.8333239961969732,-0.07556675106711519,0.46153846153846156,1.1538461538461537,1.3461538461538463
14,current_fixed,20.0,26,0.06326285696502953,0.12626830263073918,0.59973793750966,-0.07756675106711519,0.46153846153846156,1.1538461538461537,1.3461538461538463
