fold_id,split_name_val,mode,top_k,min_prob,threshold,constraints_ok_val,periods_val,cumulative_return_val,annualized_return_val,sharpe_val,max_drawdown_val,win_rate_val,avg_turnover_val,avg_holdings_val,split_name_test,constraints_ok_test,periods_test,cumulative_return_test,annualized_return_test,sharpe_test,max_drawdown_test,win_rate_test,avg_turnover_test,avg_holdings_test
5,val,topk,3,0.56,0.5,True,26,0.17353696202038238,0.36369365908986917,1.871839826925285,-0.008313408907765885,0.15384615384615385,0.3333333333333333,0.34615384615384615,test,,26,0.0396370653892022,0.07826282434482312,0.6677065054537138,-0.05202161791573767,0.15384615384615385,0.37179487179487186,0.5
5,val,topk,3,0.58,0.5,True,26,-0.004765450184499254,-0.009216983621579189,-0.24575686085061899,-0.020849421778503574,0.07692307692307693,0.20512820512820515,0.19230769230769232,test,,26,-0.08244096348962127,-0.15361593447855648,-1.1737412101962474,-0.12339536342171886,0.07692307692307693,0.2692307692307692,0.23076923076923078
5,val,topk,4,0.56,0.5,True,26,0.1650840136749756,0.34471721235413,1.7881295952781584,-0.010906905655728605,0.15384615384615385,0.3076923076923077,0.4230769230769231,test,,26,0.05655822541622291,0.1125422314741178,0.9647144637942972,-0.041056046271576774,0.15384615384615385,0.38461538461538464,0.5769230769230769
5,val,topk,4,0.58,0.5,True,26,-0.004765450184499254,-0.009216983621579189,-0.24575686085061899,-0.020849421778503574,0.07692307692307693,0.20512820512820515,0.19230769230769232,test,,26,-0.08244096348962127,-0.15361593447855648,-1.1737412101962474,-0.12339536342171886,0.07692307692307693,0.2692307692307692,0.23076923076923078
