fold_id,strategy_type,cost_bps,periods,cumulative_return,annualized_return,sharpe,max_drawdown,win_rate,avg_turnover,avg_holdings
5,selected,5.0,26,0.04466162949006858,0.08838752365219538,0.7425316897379792,-0.05104740426104104,0.15384615384615385,0.37179487179487186,0.5
5,selected,10.0,26,0.0396370653892022,0.07826282434482312,0.6677065054537138,-0.05202161791573767,0.15384615384615385,0.37179487179487186,0.5
5,selected,20.0,26,0.029653040132839648,0.05828059641498973,0.5173367746325804,-0.05396854522513139,0.15384615384615385,0.37179487179487186,0.5
5,current_fixed,5.0,26,0.06182555609885809,0.12331892401426447,1.044328331567903,-0.04007634434278373,0.15384615384615385,0.38461538461538464,0.5769230769230769
5,current_fixed,10.0,26,0.05655822541622291,0.1125422314741178,0.9647144637942972,-0.041056046271576774,0.15384615384615385,0.38461538461538464,0.5769230769230769
5,current_fixed,20.0,26,0.046094049566612894,0.09128229874196636,0.8036439947691928,-0.04301395012916276,0.15384615384615385,0.38461538461538464,0.5769230769230769
