fold_id,strategy_type,cost_bps,periods,cumulative_return,annualized_return,sharpe,max_drawdown,win_rate,avg_turnover,avg_holdings
2,selected,5.0,26,0.08563908486956939,0.1726675610076367,1.0978277941945265,-0.07715244664385346,0.6538461538461539,0.8076923076923077,2.923076923076923
2,selected,10.0,26,0.07433666274182027,0.14911755998593623,0.9678635355903118,-0.07810655556295354,0.6538461538461539,0.8076923076923077,2.923076923076923
2,selected,20.0,26,0.05206680911092043,0.10339275290475092,0.7073660876411487,-0.08001344006782041,0.6538461538461539,0.8076923076923077,2.923076923076923
2,current_fixed,5.0,26,0.18186565121569598,0.3825170366963222,2.243177361202663,-0.04122663942384652,0.46153846153846156,1.0384615384615385,1.3846153846153846
2,current_fixed,10.0,26,0.16610159125228918,0.34699480673173433,2.067035082404791,-0.0427017220442788,0.46153846153846156,1.0384615384615385,1.3846153846153846
2,current_fixed,20.0,26,0.1351667735926727,0.2785892661507776,1.7138929525703648,-0.04564888728514327,0.46153846153846156,1.0384615384615385,1.3846153846153846
