{
  "variant": "dc_only",
  "n_features": 10,
  "n_dc_features": 10,
  "best_epoch": 2,
  "best_score": 3.2766065165280893,
  "val_classification": {
    "accuracy": 0.5285429141716567,
    "precision": 0.5285429141716567,
    "recall": 1.0,
    "f1": 0.691564377121964,
    "auc": 0.5210737706280969
  },
  "test_classification": {
    "accuracy": 0.566077738515901,
    "precision": 0.566077738515901,
    "recall": 1.0,
    "f1": 0.7229241877256317,
    "auc": 0.49376981185976815
  },
  "val_fixed_strategy": {
    "periods": 101,
    "cumulative_return": 0.6144083385788524,
    "annualized_return": 0.26999128925387406,
    "sharpe": 1.122657295922816,
    "max_drawdown": -0.13943999223302972,
    "win_rate": 0.5841584158415841,
    "avg_turnover": 1.316831683168317,
    "avg_holdings": 2.0
  },
  "test_fixed_strategy": {
    "periods": 114,
    "cumulative_return": 0.32946023160661997,
    "annualized_return": 0.13416834933176403,
    "sharpe": 0.6423575421233961,
    "max_drawdown": -0.294934319540199,
    "win_rate": 0.5087719298245614,
    "avg_turnover": 1.368421052631579,
    "avg_holdings": 2.0
  }
}