fold_id,strategy_type,cost_bps,periods,cumulative_return,annualized_return,sharpe,max_drawdown,win_rate,avg_turnover,avg_holdings
13,selected,5.0,26,0.04999296312914914,0.09918045971946876,0.46204869488001044,-0.22067936020753776,0.5769230769230769,0.9230769230769231,1.9615384615384615
13,selected,10.0,26,0.03741644130034838,0.07380277565542293,0.3831826661585825,-0.22433230741820687,0.5769230769230769,0.9230769230769231,1.9615384615384615
13,selected,20.0,26,0.012687344245685406,0.0247403057154012,0.22603300594797454,-0.23159508682920482,0.5769230769230769,0.9230769230769231,1.9615384615384615
13,current_fixed,5.0,26,0.04999296312914914,0.09918045971946876,0.46204869488001044,-0.22067936020753776,0.5769230769230769,0.9230769230769231,1.9615384615384615
13,current_fixed,10.0,26,0.03741644130034838,0.07380277565542293,0.3831826661585825,-0.22433230741820687,0.5769230769230769,0.9230769230769231,1.9615384615384615
13,current_fixed,20.0,26,0.012687344245685406,0.0247403057154012,0.22603300594797454,-0.23159508682920482,0.5769230769230769,0.9230769230769231,1.9615384615384615
