fold_id,strategy_type,cost_bps,periods,cumulative_return,annualized_return,sharpe,max_drawdown,win_rate,avg_turnover,avg_holdings
12,selected,5.0,26,0.07223073528603186,0.1447551648606895,1.0800855579726447,-0.06822877430541807,0.5769230769230769,0.8333333333333333,2.8461538461538463
12,selected,10.0,26,0.06069816066261202,0.12100809966333892,0.9218332355246506,-0.07105463897698183,0.5384615384615384,0.8333333333333333,2.8461538461538463
12,selected,20.0,26,0.037983302931556606,0.07494044742611572,0.6054806855530074,-0.07745960863994394,0.5,0.8333333333333333,2.8461538461538463
12,current_fixed,5.0,26,0.009644380148011278,0.018779847560079332,0.19053188051828623,-0.11164343781029917,0.5769230769230769,1.0769230769230769,1.9230769230769231
12,current_fixed,10.0,26,-0.00443165150743674,-0.008572720530986122,0.033739319877698404,-0.11571873638230767,0.5769230769230769,1.0769230769230769,1.9230769230769231
12,current_fixed,20.0,26,-0.032027246185000524,-0.061149964049976746,-0.2774571032772432,-0.12382234751143739,0.5,1.0769230769230769,1.9230769230769231
