fold_id,strategy_type,cost_bps,periods,cumulative_return,annualized_return,sharpe,max_drawdown,win_rate,avg_turnover,avg_holdings
20,selected,5.0,26,0.5161791673999105,1.2406702134892602,4.711017830943562,-0.07417874264884627,0.6538461538461539,1.205128205128205,1.8846153846153846
20,selected,10.0,26,0.4930313973478577,1.1748331624125128,4.550866825723544,-0.07513629147609246,0.6538461538461539,1.205128205128205,1.8846153846153846
20,selected,20.0,26,0.4477428022088281,1.0487743412114563,4.226288707103348,-0.07705005579725199,0.6538461538461539,1.205128205128205,1.8846153846153846
20,current_fixed,5.0,26,0.4579376096256649,1.0768332887025407,5.017292333143888,-0.012892794984287748,0.5769230769230769,0.9615384615384616,0.9230769230769231
20,current_fixed,10.0,26,0.44012983801675043,1.027941876918228,4.871255156677934,-0.013892794984287749,0.5384615384615384,0.9615384615384616,0.9230769230769231
20,current_fixed,20.0,26,0.4051284964028443,0.9334897096627466,4.572794235782604,-0.01589279498428764,0.5384615384615384,0.9615384615384616,0.9230769230769231
