{
  "overlay_type": "transformer_riskaware_v3",
  "base_strategy": {
    "mode": "topk",
    "top_k": 2,
    "min_prob": 0.6,
    "threshold": 0.5,
    "transaction_cost_bps": 10.0
  },
  "selected_overlay_params": {
    "confidence_margin": 0.0,
    "use_align_filter": false,
    "vix_z_max": null,
    "credit_stress_max": null,
    "credit_quantile": null,
    "dd_half_stop": -0.08,
    "dd_cash_stop": -0.2,
    "min_prob_for_entry": 0.56
  },
  "validation_best_row": {
    "confidence_margin": 0.0,
    "use_align_filter": false,
    "vix_z_max": NaN,
    "credit_quantile": NaN,
    "credit_stress_max": NaN,
    "dd_half_stop": -0.08,
    "dd_cash_stop": -0.2,
    "min_prob_for_entry": 0.56,
    "overlay_cumulative_return": 0.11605315615795186,
    "overlay_sharpe": 0.41352734579780903,
    "overlay_max_drawdown": -0.18579922212206412,
    "overlay_avg_turnover": 0.7029702970297029,
    "overlay_avg_exposure": 0.6485148514851485,
    "excess_cumret": 0.05855929440911467,
    "excess_sharpe": 0.17808466704842602,
    "selection_score": 0.11238842205176078
  },
  "validation_overlay_metrics": {
    "periods": 101,
    "cumulative_return": 0.11605315615795186,
    "annualized_return": 0.0563193301165803,
    "sharpe": 0.41352734579780903,
    "max_drawdown": -0.18579922212206412,
    "win_rate": 0.504950495049505,
    "avg_turnover": 0.7029702970297029,
    "avg_action_exposure_proxy": 0.6485148514851485
  },
  "validation_base_metrics": {
    "periods": 101,
    "cumulative_return": 0.057493861748837194,
    "annualized_return": 0.028288289906912345,
    "sharpe": 0.23544267874938302,
    "max_drawdown": -0.23949221643323226,
    "win_rate": 0.39603960396039606,
    "avg_turnover": 0.9405940594059405,
    "avg_action_exposure_proxy": 0.8217821782178217
  },
  "validation_excess_cumulative_return": 0.05855929440911467,
  "validation_excess_sharpe": 0.17808466704842602,
  "test_overlay_metrics": {
    "periods": 113,
    "cumulative_return": 0.3546616032648704,
    "annualized_return": 0.14498258077658788,
    "sharpe": 0.8582265022625046,
    "max_drawdown": -0.15085308216665783,
    "win_rate": 0.5221238938053098,
    "avg_turnover": 0.8362831858407079,
    "avg_action_exposure_proxy": 0.7654867256637168
  },
  "test_base_metrics": {
    "periods": 113,
    "cumulative_return": 0.4944121961483665,
    "annualized_return": 0.19623605431349622,
    "sharpe": 1.1879822783842948,
    "max_drawdown": -0.21789940651217643,
    "win_rate": 0.30973451327433627,
    "avg_turnover": 0.7256637168141593,
    "avg_action_exposure_proxy": 0.48672566371681414
  },
  "test_excess_cumulative_return": -0.13975059288349612,
  "test_excess_sharpe": -0.3297557761217902
}