fold_id,strategy_type,cost_bps,periods,cumulative_return,annualized_return,sharpe,max_drawdown,win_rate,avg_turnover,avg_holdings
7,selected,5.0,26,0.08621166026466365,0.17386674762819476,0.7162249819708695,-0.14854386259979357,0.5384615384615384,0.9358974358974359,2.730769230769231
7,selected,10.0,26,0.07316404254704989,0.14668750481771897,0.6313682529425624,-0.15155674837441657,0.5,0.9358974358974359,2.730769230769231
7,selected,20.0,26,0.04751348893959384,0.09415451299735667,0.4609199997071344,-0.15755496021390836,0.46153846153846156,0.9358974358974359,2.730769230769231
7,current_fixed,5.0,26,0.021585351372402917,0.04226598778672375,0.2827037215741799,-0.20845763075488155,0.46153846153846156,0.8076923076923077,1.7307692307692308
7,current_fixed,10.0,26,0.010995553965434945,0.021424404654741602,0.21444420949487117,-0.21045443555984977,0.4230769230769231,0.8076923076923077,1.7307692307692308
7,current_fixed,20.0,26,-0.009872718584928442,-0.01904920940662702,0.07720213551822151,-0.21487303457299312,0.38461538461538464,0.8076923076923077,1.7307692307692308
