fold_id,split_name_val,mode,top_k,min_prob,threshold,constraints_ok_val,periods_val,cumulative_return_val,annualized_return_val,sharpe_val,max_drawdown_val,win_rate_val,avg_turnover_val,avg_holdings_val,split_name_test,constraints_ok_test,periods_test,cumulative_return_test,annualized_return_test,sharpe_test,max_drawdown_test,win_rate_test,avg_turnover_test,avg_holdings_test
11,val,topk,3,0.56,0.5,True,26,0.4597552237634386,1.0818552753666615,3.6673107471543096,-0.015626402262721606,0.46153846153846156,0.9230769230769231,1.3461538461538463,test,,26,0.027240753287126385,0.053479744062060464,0.3361074492817919,-0.09226392216599621,0.3076923076923077,0.9615384615384616,1.1923076923076923
11,val,topk,3,0.58,0.5,True,26,0.36471120672643176,0.8271378542192684,3.1805358337501977,-0.015626402262721495,0.38461538461538464,0.7435897435897435,0.9615384615384616,test,,26,0.14691440673954181,0.30436329595304934,1.590413091110356,-0.03666257683210494,0.2692307692307692,0.717948717948718,0.7692307692307693
11,val,topk,4,0.56,0.5,True,26,0.4318612122199297,1.0054320259719178,3.3146553738301083,-0.025543198858720917,0.46153846153846156,0.9166666666666666,1.6538461538461537,test,,26,-0.011048205009599577,-0.0213054686237778,0.00897174339011312,-0.09226392216599621,0.2692307692307692,0.9807692307692307,1.3846153846153846
11,val,topk,4,0.58,0.5,True,26,0.346899971854997,0.7811955013874241,2.8607654068016983,-0.02554319885872114,0.38461538461538464,0.75,1.1923076923076923,test,,26,0.11840726916351652,0.24225054000272173,1.3319440202195167,-0.0478268644005444,0.23076923076923078,0.7051282051282052,0.9230769230769231
