fold_id,strategy_type,cost_bps,periods,cumulative_return,annualized_return,sharpe,max_drawdown,win_rate,avg_turnover,avg_holdings
11,selected,5.0,26,0.04014947701091853,0.07929325664750686,0.44221163670555025,-0.09131029977739236,0.3076923076923077,0.9615384615384616,1.1923076923076923
11,selected,10.0,26,0.027240753287126385,0.053479744062060464,0.3361074492817919,-0.09226392216599621,0.3076923076923077,0.9615384615384616,1.1923076923076923
11,selected,20.0,26,0.0018783642709070403,0.0036443460189989896,0.12384877209449968,-0.09416966694320361,0.3076923076923077,0.9615384615384616,1.1923076923076923
11,current_fixed,5.0,26,0.0016358696218727875,0.003173504377034453,0.1198220284000154,-0.09131029977739236,0.2692307692307692,0.9807692307692307,1.3846153846153846
11,current_fixed,10.0,26,-0.011048205009599577,-0.0213054686237778,0.00897174339011312,-0.09226392216599621,0.2692307692307692,0.9807692307692307,1.3846153846153846
11,current_fixed,20.0,26,-0.03595943404400426,-0.06852893583819597,-0.21307704370561878,-0.09637053476439827,0.2692307692307692,0.9807692307692307,1.3846153846153846
