fold_id,split_name_val,mode,top_k,min_prob,threshold,constraints_ok_val,periods_val,cumulative_return_val,annualized_return_val,sharpe_val,max_drawdown_val,win_rate_val,avg_turnover_val,avg_holdings_val,split_name_test,constraints_ok_test,periods_test,cumulative_return_test,annualized_return_test,sharpe_test,max_drawdown_test,win_rate_test,avg_turnover_test,avg_holdings_test
19,val,topk,3,0.56,0.5,True,26,0.07434272634969918,0.14913013225050942,1.3729769226539759,-0.001000000000000112,0.038461538461538464,0.07692307692307693,0.038461538461538464,test,,26,-0.07143438257072099,-0.13382436996790203,-1.7965205829857451,-0.07143438257072099,0.0,0.15384615384615385,0.07692307692307693
19,val,topk,3,0.58,0.5,True,26,0.0,0.0,0.0,0.0,0.0,0.0,0.0,test,,26,-0.016846417536291458,-0.03239790077560212,-1.4808516100498677,-0.016846417536291458,0.0,0.07692307692307693,0.038461538461538464
19,val,topk,4,0.56,0.5,True,26,0.07434272634969918,0.14913013225050942,1.3729769226539759,-0.001000000000000112,0.038461538461538464,0.07692307692307693,0.038461538461538464,test,,26,-0.07143438257072099,-0.13382436996790203,-1.7965205829857451,-0.07143438257072099,0.0,0.15384615384615385,0.07692307692307693
19,val,topk,4,0.58,0.5,True,26,0.0,0.0,0.0,0.0,0.0,0.0,0.0,test,,26,-0.016846417536291458,-0.03239790077560212,-1.4808516100498677,-0.016846417536291458,0.0,0.07692307692307693,0.038461538461538464
