fold_id,strategy_type,cost_bps,periods,cumulative_return,annualized_return,sharpe,max_drawdown,win_rate,avg_turnover,avg_holdings
19,selected,5.0,26,-0.06954058973645882,-0.13039670459095865,-1.7646082726246386,-0.06954058973645882,0.0,0.15384615384615385,0.07692307692307693
19,selected,10.0,26,-0.07143438257072099,-0.13382436996790203,-1.7965205829857451,-0.07143438257072099,0.0,0.15384615384615385,0.07692307692307693
19,selected,20.0,26,-0.07521329565323842,-0.14064441536329686,-1.8575066577672479,-0.07521329565323842,0.0,0.15384615384615385,0.07692307692307693
19,current_fixed,5.0,26,-0.06954058973645882,-0.13039670459095865,-1.7646082726246386,-0.06954058973645882,0.0,0.15384615384615385,0.07692307692307693
19,current_fixed,10.0,26,-0.07143438257072099,-0.13382436996790203,-1.7965205829857451,-0.07143438257072099,0.0,0.15384615384615385,0.07692307692307693
19,current_fixed,20.0,26,-0.07521329565323842,-0.14064441536329686,-1.8575066577672479,-0.07521329565323842,0.0,0.15384615384615385,0.07692307692307693
