fold_id,strategy_type,cost_bps,periods,cumulative_return,annualized_return,sharpe,max_drawdown,win_rate,avg_turnover,avg_holdings
17,selected,5.0,26,0.06545087281238526,0.130765355612378,0.7636154061320958,-0.07819394606781016,0.46153846153846156,1.1282051282051282,1.7692307692307692
17,selected,10.0,26,0.04994355917301907,0.09908020797508033,0.6069160697302112,-0.07915457966157313,0.46153846153846156,1.1282051282051282,1.7692307692307692
17,selected,20.0,26,0.01957060377020947,0.03828510267886398,0.29463924513156947,-0.08511185177641467,0.46153846153846156,1.1282051282051282,1.7692307692307692
17,current_fixed,5.0,26,-0.05164864801749658,-0.09768991555132345,-1.8567475627745729,-0.05164864801749658,0.0,0.15384615384615385,0.07692307692307693
17,current_fixed,10.0,26,-0.053569428143212194,-0.10122914264144323,-1.8990735161477081,-0.053569428143212194,0.0,0.15384615384615385,0.07692307692307693
17,current_fixed,20.0,26,-0.05740223437133307,-0.10827133922370902,-1.978175958934267,-0.05740223437133307,0.0,0.15384615384615385,0.07692307692307693
