fold_id,split_name_val,mode,top_k,min_prob,threshold,constraints_ok_val,periods_val,cumulative_return_val,annualized_return_val,sharpe_val,max_drawdown_val,win_rate_val,avg_turnover_val,avg_holdings_val,split_name_test,constraints_ok_test,periods_test,cumulative_return_test,annualized_return_test,sharpe_test,max_drawdown_test,win_rate_test,avg_turnover_test,avg_holdings_test
21,val,topk,2,0.54,0.5,True,26,0.8223421078835769,2.2005237690908106,6.5669893351158475,-0.011927154784363458,0.8076923076923077,1.1538461538461537,1.5384615384615385,test,,25,0.15724022521611425,0.3423377957013569,2.0590365109630486,-0.06392693166948282,0.48,1.04,1.6
21,val,topk,2,0.56,0.5,True,26,0.45808540921957785,1.077241433048422,3.762489167317854,-0.041522927950558564,0.5769230769230769,0.8846153846153846,0.9615384615384616,test,,25,0.2448323480603336,0.5550469453074929,2.130045418384144,-0.07206681963795503,0.32,0.88,1.0
21,val,topk,2,0.58,0.5,True,26,0.18853652469358528,0.3976837281560377,1.864077880614264,-0.001000000000000112,0.19230769230769232,0.38461538461538464,0.23076923076923078,test,,25,0.06245732978007479,0.12991032704596361,1.3221517690648437,-0.021304354210842535,0.12,0.32,0.2
21,val,topk,2,0.6,0.5,True,26,0.004621446109950966,0.008977920415798257,1.1195109960713563,-0.0010000000000000009,0.038461538461538464,0.07692307692307693,0.038461538461538464,test,,25,0.0,0.0,0.0,0.0,0.0,0.0,0.0
21,val,topk,3,0.54,0.5,True,26,0.6794168716884987,1.7318768334560737,6.409922358495656,-0.012593821451030163,0.7692307692307693,1.141025641025641,2.0,test,,25,0.19022647246029822,0.42059173790916127,2.1590995399935324,-0.07423718157646175,0.52,1.0266666666666666,2.12
21,val,topk,3,0.56,0.5,True,26,0.4195457070310038,0.9721308304333571,3.5476493183314064,-0.041522927950558564,0.5769230769230769,0.858974358974359,1.0769230769230769,test,,25,0.2486290589388651,0.5646233628758086,2.1561887103976183,-0.05132721217573932,0.36,0.9066666666666667,1.12
21,val,topk,3,0.58,0.5,True,26,0.17894504133772204,0.37590204638566016,1.8006977975334586,-0.001000000000000112,0.19230769230769232,0.38461538461538464,0.2692307692307692,test,,25,0.06245732978007479,0.12991032704596361,1.3221517690648437,-0.021304354210842535,0.12,0.32,0.2
21,val,topk,3,0.6,0.5,True,26,0.004621446109950966,0.008977920415798257,1.1195109960713563,-0.0010000000000000009,0.038461538461538464,0.07692307692307693,0.038461538461538464,test,,25,0.0,0.0,0.0,0.0,0.0,0.0,0.0
