fold_id,strategy_type,cost_bps,periods,cumulative_return,annualized_return,sharpe,max_drawdown,win_rate,avg_turnover,avg_holdings
21,selected,5.0,25,0.17228314437064207,0.37774727720411994,2.2334808176869023,-0.05940657054408005,0.48,1.04,1.6
21,selected,10.0,25,0.15724022521611425,0.3423377957013569,2.0590365109630486,-0.06392693166948282,0.48,1.04,1.6
21,selected,20.0,25,0.12770262957708534,0.2741609760443524,1.708334843046977,-0.07611444530112355,0.48,1.04,1.6
21,current_fixed,5.0,25,0.0,0.0,0.0,0.0,0.0,0.0,0.0
21,current_fixed,10.0,25,0.0,0.0,0.0,0.0,0.0,0.0,0.0
21,current_fixed,20.0,25,0.0,0.0,0.0,0.0,0.0,0.0,0.0
