{
  "variant": "full_features",
  "n_features": 48,
  "n_dc_features": 10,
  "best_epoch": 3,
  "best_score": 2.7841772242043965,
  "val_classification": {
    "accuracy": 0.5155688622754491,
    "precision": 0.5273582569943055,
    "recall": 0.804380664652568,
    "f1": 0.6370569762225212,
    "auc": 0.4849128062397835
  },
  "test_classification": {
    "accuracy": 0.5095406360424029,
    "precision": 0.5680228862047044,
    "recall": 0.5577403245942572,
    "f1": 0.5628346456692914,
    "auc": 0.5127438930164656
  },
  "val_fixed_strategy": {
    "periods": 101,
    "cumulative_return": 0.49775470746625405,
    "annualized_return": 0.22333849783221438,
    "sharpe": 0.97527449869535,
    "max_drawdown": -0.16351030425739066,
    "win_rate": 0.5445544554455446,
    "avg_turnover": 1.0792079207920793,
    "avg_holdings": 1.8217821782178218
  },
  "test_fixed_strategy": {
    "periods": 114,
    "cumulative_return": 0.20518889531090112,
    "annualized_return": 0.08601267946623214,
    "sharpe": 0.4513559355907008,
    "max_drawdown": -0.29797437362553325,
    "win_rate": 0.45614035087719296,
    "avg_turnover": 0.7894736842105263,
    "avg_holdings": 1.5263157894736843
  }
}