fold_id,split_name_val,mode,top_k,min_prob,threshold,constraints_ok_val,periods_val,cumulative_return_val,annualized_return_val,sharpe_val,max_drawdown_val,win_rate_val,avg_turnover_val,avg_holdings_val,split_name_test,constraints_ok_test,periods_test,cumulative_return_test,annualized_return_test,sharpe_test,max_drawdown_test,win_rate_test,avg_turnover_test,avg_holdings_test
16,val,topk,2,0.54,0.5,True,26,0.575770901806355,1.414530707130008,3.088280065063941,-0.04306016291518577,0.5,0.8846153846153846,1.3076923076923077,test,,26,0.08428667568432902,0.16983746739404681,1.1231400927146136,-0.04716946479076278,0.3076923076923077,0.8076923076923077,0.7307692307692307
16,val,topk,2,0.56,0.5,True,26,0.2631566460922725,0.5727905903241659,1.6660294512102416,-0.04408330072299038,0.23076923076923078,0.7692307692307693,0.7307692307692307,test,,26,-0.009853375086910976,-0.019012059957556726,-0.3904673319566196,-0.02849037169039037,0.038461538461538464,0.15384615384615385,0.11538461538461539
16,val,topk,2,0.58,0.5,True,26,0.22197401928175742,0.47491259696146493,1.71420343022106,-0.06876262349229434,0.15384615384615385,0.4230769230769231,0.4230769230769231,test,,26,0.0,0.0,0.0,0.0,0.0,0.0,0.0
16,val,topk,2,0.6,0.5,True,26,0.23178229624316526,0.4979475098118227,2.105529692024392,-0.0010000000000000009,0.11538461538461539,0.23076923076923078,0.15384615384615385,test,,26,0.0,0.0,0.0,0.0,0.0,0.0,0.0
16,val,topk,3,0.54,0.5,True,26,0.4557764289394688,1.0708696851034447,2.970078775988962,-0.03474966115105982,0.5,0.8717948717948717,1.7692307692307692,test,,26,0.07830696647901125,0.15736382673177496,1.0679798538120744,-0.047169464790762894,0.34615384615384615,0.8461538461538461,0.8461538461538461
16,val,topk,3,0.56,0.5,True,26,0.17743733146008012,0.3724931937465388,1.3018321386279794,-0.04342528080865837,0.23076923076923078,0.717948717948718,0.8846153846153846,test,,26,-0.018666658476948816,-0.03586753770495599,-0.8920735162139588,-0.02849037169039037,0.038461538461538464,0.15384615384615385,0.15384615384615385
16,val,topk,3,0.58,0.5,True,26,0.15746879606728803,0.32773168533598707,1.4374581837677407,-0.06812159196812939,0.15384615384615385,0.39743589743589747,0.5,test,,26,0.0,0.0,0.0,0.0,0.0,0.0,0.0
16,val,topk,3,0.6,0.5,True,26,0.20270251155607943,0.4301566912543864,2.1174772345072332,-0.0010000000000000009,0.11538461538461539,0.23076923076923078,0.19230769230769232,test,,26,0.0,0.0,0.0,0.0,0.0,0.0,0.0
