fold_id,strategy_type,cost_bps,periods,cumulative_return,annualized_return,sharpe,max_drawdown,win_rate,avg_turnover,avg_holdings
16,selected,5.0,26,0.09575363122468761,0.19393852306835235,1.265892165338626,-0.045239009226995974,0.3076923076923077,0.8076923076923077,0.7307692307692307
16,selected,10.0,26,0.08428667568432902,0.16983746739404681,1.1231400927146136,-0.04716946479076278,0.3076923076923077,0.8076923076923077,0.7307692307692307
16,selected,20.0,26,0.0616913725047914,0.12304376689311991,0.841442141084609,-0.05102159267593187,0.3076923076923077,0.8076923076923077,0.7307692307692307
16,current_fixed,5.0,26,0.0,0.0,0.0,0.0,0.0,0.0,0.0
16,current_fixed,10.0,26,0.0,0.0,0.0,0.0,0.0,0.0,0.0
16,current_fixed,20.0,26,0.0,0.0,0.0,0.0,0.0,0.0,0.0
