{
  "static_prediction_only": {
    "n_bootstrap": 2000,
    "block_length": 5,
    "orig_periods": 113,
    "cumret_mean": 0.6239675889997911,
    "cumret_median": 0.5742946353967879,
    "cumret_ci_5": 0.0060955659963785516,
    "cumret_ci_95": 1.4162152868883982,
    "annret_mean": 0.2308464938736563,
    "annret_ci_5": 0.002714148674949625,
    "annret_ci_95": 0.4821264955308613,
    "sharpe_mean": 1.1366281497977,
    "sharpe_median": 1.121276459406233,
    "sharpe_ci_5": 0.12373908298613621,
    "sharpe_ci_95": 2.240931256288032,
    "mdd_mean": -0.18350616596258862,
    "mdd_ci_5": -0.2999998048063439,
    "mdd_ci_95": -0.10754280454039189,
    "prob_cumret_positive": 0.953,
    "prob_sharpe_positive": 0.9685
  },
  "final_sticky_execution": {
    "n_bootstrap": 2000,
    "block_length": 5,
    "orig_periods": 113,
    "cumret_mean": 0.557156964286454,
    "cumret_median": 0.5173527288527854,
    "cumret_ci_5": -0.013406484845251152,
    "cumret_ci_95": 1.2614517877448241,
    "annret_mean": 0.20912583552769765,
    "annret_ci_5": -0.006001894578710292,
    "annret_ci_95": 0.43900735176488725,
    "sharpe_mean": 1.1442813982036364,
    "sharpe_median": 1.1487200084606402,
    "sharpe_ci_5": 0.05467763485450776,
    "sharpe_ci_95": 2.2150210160969817,
    "mdd_mean": -0.16564844844077362,
    "mdd_ci_5": -0.28478691377017773,
    "mdd_ci_95": -0.0819140060548927,
    "prob_cumret_positive": 0.9455,
    "prob_sharpe_positive": 0.961
  }
}