split,count,size,min,max,mean,na_count
test,5650,5650,0.33144072,0.7501473,0.52286935,0
train,28721,28721,0.3493108,0.7968743,0.5702308,0
val,5010,5010,0.3494647,0.77073455,0.5561755,0
