fold_id,split_name_val,mode,top_k,min_prob,threshold,constraints_ok_val,periods_val,cumulative_return_val,annualized_return_val,sharpe_val,max_drawdown_val,win_rate_val,avg_turnover_val,avg_holdings_val,split_name_test,constraints_ok_test,periods_test,cumulative_return_test,annualized_return_test,sharpe_test,max_drawdown_test,win_rate_test,avg_turnover_test,avg_holdings_test
14,val,topk,3,0.56,0.5,False,26,-0.11347144749236937,-0.20822029780950668,-0.9019540013753929,-0.2513128111466967,0.23076923076923078,1.0256410256410255,1.6538461538461537,test,,26,-0.23365135611630516,-0.4030128152980056,-1.6921642270052644,-0.26107365439280616,0.19230769230769232,0.6923076923076923,0.7692307692307693
14,val,topk,3,0.58,0.5,True,26,-0.005042542651338522,-0.009751644337027687,0.03798255093617916,-0.14439492995881498,0.19230769230769232,0.8974358974358974,1.3076923076923077,test,,26,0.07831895274533718,0.157388765262914,2.2887619050908112,-0.001000000000000112,0.15384615384615385,0.3076923076923077,0.4230769230769231
14,val,topk,4,0.56,0.5,True,26,-0.0345484519996051,-0.06588439130456414,-0.22906514436436234,-0.1772866609489845,0.3076923076923077,1.0576923076923077,2.1538461538461537,test,,26,-0.23295537625461615,-0.40196139221737937,-1.6692487972341126,-0.2591577373615441,0.19230769230769232,0.7115384615384616,0.9615384615384616
14,val,topk,4,0.58,0.5,True,26,0.07904781963390017,0.1589057288407738,1.002623216248262,-0.06071940698260858,0.2692307692307692,0.9230769230769231,1.6538461538461537,test,,26,0.07668514753583655,0.15399188211555215,2.2783354701449836,-0.001000000000000112,0.15384615384615385,0.3076923076923077,0.5384615384615384
