fold_id,strategy_type,cost_bps,periods,cumulative_return,annualized_return,sharpe,max_drawdown,win_rate,avg_turnover,avg_holdings
14,selected,5.0,26,0.08096009344545307,0.162890245663329,2.3688161302073674,-0.000500000000000056,0.15384615384615385,0.3076923076923077,0.5384615384615384
14,selected,10.0,26,0.07668514753583655,0.15399188211555215,2.2783354701449836,-0.001000000000000112,0.15384615384615385,0.3076923076923077,0.5384615384615384
14,selected,20.0,26,0.06817961193545496,0.13638591892767882,2.086672943283921,-0.002000000000000113,0.15384615384615385,0.3076923076923077,0.5384615384615384
14,current_fixed,5.0,26,-0.22571390596929586,-0.39096850456559207,-1.6070013232376499,-0.2542025146589848,0.19230769230769232,0.7115384615384616,0.9615384615384616
14,current_fixed,10.0,26,-0.23295537625461615,-0.40196139221737937,-1.6692487972341126,-0.2591577373615441,0.19230769230769232,0.7115384615384616,0.9615384615384616
14,current_fixed,20.0,26,-0.24725013515241934,-0.42337681658807413,-1.7930506728751483,-0.2689801977357751,0.19230769230769232,0.7115384615384616,0.9615384615384616
