fold_id,strategy_type,cost_bps,periods,cumulative_return,annualized_return,sharpe,max_drawdown,win_rate,avg_turnover,avg_holdings
3,selected,5.0,26,0.13298079339463165,0.2738207618701638,1.7410672082231318,-0.06085738728812451,0.6153846153846154,1.1153846153846154,1.8461538461538463
3,selected,10.0,26,0.11676748684534899,0.23872233586434333,1.5506360167580773,-0.06321802271558163,0.6153846153846154,1.1153846153846154,1.8461538461538463
3,selected,20.0,26,0.08500068408798023,0.1713312110991716,1.1665507328066158,-0.0699525305731219,0.5769230769230769,1.1153846153846154,1.8461538461538463
3,current_fixed,5.0,26,0.08012699237525811,0.161153537446866,1.0886470967000736,-0.06892069787555088,0.38461538461538464,0.9230769230769231,1.3076923076923077
3,current_fixed,10.0,26,0.06732314888167101,0.13462035294067398,0.9340977079293424,-0.0721935896751088,0.38461538461538464,0.9230769230769231,1.3076923076923077
3,current_fixed,20.0,26,0.04214591030182735,0.08331252169802261,0.6207043471246044,-0.07870979985364446,0.38461538461538464,0.9230769230769231,1.3076923076923077
