fold_id,strategy_type,cost_bps,periods,cumulative_return,annualized_return,sharpe,max_drawdown,win_rate,avg_turnover,avg_holdings
18,selected,5.0,26,0.17009566804476073,0.35595258928302975,1.7555732264569195,-0.043322415087389876,0.46153846153846156,0.8717948717948717,1.3076923076923077
18,selected,10.0,26,0.15691491293873105,0.3265003429648605,1.6301088206149816,-0.04432241508738988,0.46153846153846156,0.8717948717948717,1.3076923076923077
18,selected,20.0,26,0.13096973305773152,0.26944144691676297,1.3809637643433303,-0.04632241508738999,0.4230769230769231,0.8717948717948717,1.3076923076923077
18,current_fixed,5.0,26,0.20161947921722234,0.4276612895472003,2.225983470609153,-0.04334781862589998,0.23076923076923078,0.5769230769230769,0.4230769230769231
18,current_fixed,10.0,26,0.19280128601388724,0.4074219318737018,2.152774961276603,-0.043847818625899926,0.23076923076923078,0.5769230769230769,0.4230769230769231
18,current_fixed,20.0,26,0.17534258277815562,0.3677638726619452,2.0024952200913226,-0.04484781862589993,0.23076923076923078,0.5769230769230769,0.4230769230769231
