fold_id,split_name_val,mode,top_k,min_prob,threshold,constraints_ok_val,periods_val,cumulative_return_val,annualized_return_val,sharpe_val,max_drawdown_val,win_rate_val,avg_turnover_val,avg_holdings_val,split_name_test,constraints_ok_test,periods_test,cumulative_return_test,annualized_return_test,sharpe_test,max_drawdown_test,win_rate_test,avg_turnover_test,avg_holdings_test
6,val,topk,3,0.56,0.5,True,26,0.19444514578151528,0.4111842794764846,1.878974839665733,-0.07443828110831308,0.3076923076923077,0.6538461538461539,0.7307692307692307,test,,26,0.3103662816335073,0.6887340176771704,3.4909140328253745,-0.0379371135918225,0.5769230769230769,1.3461538461538463,1.6153846153846154
6,val,topk,3,0.58,0.5,True,26,0.28063850333889384,0.615259281400641,2.3488016923093165,-0.001000000000000112,0.2692307692307692,0.5384615384615384,0.38461538461538464,test,,26,0.2891346339948724,0.6360966916833515,3.4286019472313836,-0.03391745430420412,0.38461538461538464,0.8076923076923077,0.8461538461538461
6,val,topk,4,0.56,0.5,True,26,0.17854196467830907,0.37499031035823305,1.8121340993981054,-0.07673531568936487,0.2692307692307692,0.6666666666666667,0.8076923076923077,test,,26,0.2900165396151848,0.6382670396800145,3.3854600541529782,-0.0379371135918225,0.5769230769230769,1.3653846153846154,1.8846153846153846
6,val,topk,4,0.58,0.5,True,26,0.2759699936789304,0.603864458964307,2.3119417109727465,-0.0039768119719649775,0.23076923076923078,0.5384615384615384,0.4230769230769231,test,,26,0.280701641644592,0.6154136560019641,3.421337888931633,-0.03391745430420412,0.38461538461538464,0.8269230769230769,0.9615384615384616
