fold_id,strategy_type,cost_bps,periods,cumulative_return,annualized_return,sharpe,max_drawdown,win_rate,avg_turnover,avg_holdings
6,selected,5.0,26,0.3025510952120911,0.6692648302999769,3.5515277258807894,-0.03293417950655875,0.38461538461538464,0.8076923076923077,0.8461538461538461
6,selected,10.0,26,0.2891346339948724,0.6360966916833515,3.4286019472313836,-0.03391745430420412,0.38461538461538464,0.8076923076923077,0.8461538461538461
6,selected,20.0,26,0.2626924432477278,0.5716703691430916,3.1780684711509197,-0.03588250389949532,0.38461538461538464,0.8076923076923077,0.8461538461538461
6,current_fixed,5.0,26,0.31289478371939894,0.6950564192806399,3.616826165084057,-0.03597426421967609,0.5769230769230769,1.3653846153846154,1.8846153846153846
6,current_fixed,10.0,26,0.2900165396151848,0.6382670396800145,3.3854600541529782,-0.0379371135918225,0.5769230769230769,1.3653846153846154,1.8846153846153846
6,current_fixed,20.0,26,0.24539976338345615,0.5302148142538965,2.922258415345304,-0.04185681233611527,0.5769230769230769,1.3653846153846154,1.8846153846153846
