fold_id,strategy_type,cost_bps,periods,cumulative_return,annualized_return,sharpe,max_drawdown,win_rate,avg_turnover,avg_holdings
8,selected,5.0,26,-0.04211484882593963,-0.0800233086809663,-0.16655119708384308,-0.14696709620483228,0.5384615384615384,0.9230769230769231,1.8461538461538463
8,selected,10.0,26,-0.05360231466256449,-0.10128968066524202,-0.2500863653604265,-0.14916949943568836,0.5384615384615384,0.9230769230769231,1.8461538461538463
8,selected,20.0,26,-0.07618942063034495,-0.14240184839705905,-0.4165677215755863,-0.15356201024942717,0.5,0.9230769230769231,1.8461538461538463
8,current_fixed,5.0,26,-0.04211484882593963,-0.0800233086809663,-0.16655119708384308,-0.14696709620483228,0.5384615384615384,0.9230769230769231,1.8461538461538463
8,current_fixed,10.0,26,-0.05360231466256449,-0.10128968066524202,-0.2500863653604265,-0.14916949943568836,0.5384615384615384,0.9230769230769231,1.8461538461538463
8,current_fixed,20.0,26,-0.07618942063034495,-0.14240184839705905,-0.4165677215755863,-0.15356201024942717,0.5,0.9230769230769231,1.8461538461538463
