{
  "overlay_type": "transformer_overlay_selector_v2",
  "base_strategy": {
    "mode": "topk",
    "top_k": 2,
    "min_prob": 0.6,
    "threshold": 0.5,
    "transaction_cost_bps": 10.0
  },
  "selected_overlay_params": {
    "candidate_type": "no_overlay",
    "use_align_filter": false,
    "vix_z_max": null,
    "credit_stress_max": null,
    "credit_quantile": null,
    "dd_half_stop": null,
    "dd_cash_stop": null,
    "recovery_periods": 1,
    "half_on_regime_break": true,
    "selection_reason": "best_feasible_candidate"
  },
  "validation_best_row": {
    "candidate_type": "no_overlay",
    "use_align_filter": false,
    "vix_z_max": NaN,
    "credit_quantile": NaN,
    "credit_stress_max": NaN,
    "dd_half_stop": NaN,
    "dd_cash_stop": NaN,
    "recovery_periods": 1,
    "half_on_regime_break": true,
    "selection_score": 0.0,
    "periods": 101,
    "cumulative_return": 0.057493861748837194,
    "annualized_return": 0.028288289906912345,
    "sharpe": 0.23544267874938302,
    "max_drawdown": -0.23949221643323226,
    "win_rate": 0.39603960396039606,
    "avg_turnover": 0.9405940594059405,
    "avg_action_exposure_proxy": 0.8217821782178217,
    "constraints_ok": true,
    "excess_cumret": 0.0,
    "excess_sharpe": 0.0,
    "mdd_improvement": 0.0,
    "turnover_delta": 0.0,
    "exposure_delta": 0.0
  },
  "validation_overlay_metrics": {
    "periods": 101,
    "cumulative_return": 0.057493861748837194,
    "annualized_return": 0.028288289906912345,
    "sharpe": 0.23544267874938302,
    "max_drawdown": -0.23949221643323226,
    "win_rate": 0.39603960396039606,
    "avg_turnover": 0.9405940594059405,
    "avg_action_exposure_proxy": 0.8217821782178217
  },
  "validation_base_metrics": {
    "periods": 101,
    "cumulative_return": 0.057493861748837194,
    "annualized_return": 0.028288289906912345,
    "sharpe": 0.23544267874938302,
    "max_drawdown": -0.23949221643323226,
    "win_rate": 0.39603960396039606,
    "avg_turnover": 0.9405940594059405,
    "avg_action_exposure_proxy": 0.8217821782178217
  },
  "validation_excess_cumulative_return": 0.0,
  "validation_excess_sharpe": 0.0,
  "validation_mdd_improvement": 0.0,
  "test_overlay_metrics": {
    "periods": 113,
    "cumulative_return": 0.4944121961483665,
    "annualized_return": 0.19623605431349622,
    "sharpe": 1.1879822783842948,
    "max_drawdown": -0.21789940651217643,
    "win_rate": 0.30973451327433627,
    "avg_turnover": 0.7256637168141593,
    "avg_action_exposure_proxy": 0.48672566371681414
  },
  "test_base_metrics": {
    "periods": 113,
    "cumulative_return": 0.4944121961483665,
    "annualized_return": 0.19623605431349622,
    "sharpe": 1.1879822783842948,
    "max_drawdown": -0.21789940651217643,
    "win_rate": 0.30973451327433627,
    "avg_turnover": 0.7256637168141593,
    "avg_action_exposure_proxy": 0.48672566371681414
  },
  "test_excess_cumulative_return": 0.0,
  "test_excess_sharpe": 0.0,
  "test_mdd_improvement": 0.0
}