fold_id,strategy_type,cost_bps,periods,cumulative_return,annualized_return,sharpe,max_drawdown,win_rate,avg_turnover,avg_holdings
4,selected,5.0,26,0.0457813729620109,0.09065009357769194,0.6767872109660158,-0.053379636481739934,0.46153846153846156,0.8846153846153846,1.8461538461538463
4,selected,10.0,26,0.03383808283237699,0.06663459575157149,0.520537193215153,-0.055772506730004445,0.4230769230769231,0.8846153846153846,1.8461538461538463
4,selected,20.0,26,0.010337234642085802,0.02013550811519549,0.20785489853098651,-0.06054373096953669,0.4230769230769231,0.8846153846153846,1.8461538461538463
4,current_fixed,5.0,26,0.12181848094211523,0.24960576827691439,1.9672095626205643,-0.04083869096712189,0.34615384615384615,0.7307692307692307,1.1538461538461537
4,current_fixed,10.0,26,0.1112520513206221,0.22689081708591274,1.8090116627303336,-0.041817818242380955,0.34615384615384615,0.7307692307692307,1.1538461538461537
4,current_fixed,20.0,26,0.09039646901470921,0.1826493149070072,1.4910857508771669,-0.04377457279289887,0.34615384615384615,0.7307692307692307,1.1538461538461537
