fold_id,strategy_type,cost_bps,periods,cumulative_return,annualized_return,sharpe,max_drawdown,win_rate,avg_turnover,avg_holdings
3,selected,5.0,26,0.16068532149269998,0.3348933025804781,2.311093937654624,-0.05153481060321252,0.5,0.7692307692307693,1.3846153846153846
3,selected,10.0,26,0.14921198238102917,0.3094332333188605,2.1638784813447267,-0.05250463840395936,0.5,0.7692307692307693,1.3846153846153846
3,selected,20.0,26,0.12658533931664517,0.2599192393880514,1.8667982676928907,-0.05444296067211973,0.5,0.7692307692307693,1.3846153846153846
3,current_fixed,5.0,26,0.0932326699716699,0.18861960511723042,1.3830882614703617,-0.08237342095522016,0.38461538461538464,0.8076923076923077,1.0769230769230769
3,current_fixed,10.0,26,0.08183053114689831,0.16470612928317396,1.2254394402820392,-0.08516686484775704,0.38461538461538464,0.8076923076923077,1.0769230769230769
3,current_fixed,20.0,26,0.05936027846524916,0.11826882943387318,0.9111248399866074,-0.09073390551591498,0.38461538461538464,0.8076923076923077,1.0769230769230769
