{
  "model": "transformer_main",
  "strategy_checkpoint_source": "strict_eligible_checkpoint",
  "best_auc_epoch": 1,
  "best_val_auc": 0.5199714576975322,
  "best_strategy_epoch": 8,
  "best_strategy_score": 0.46643945641767126,
  "best_relaxed_epoch": 8,
  "best_relaxed_score": 0.46643945641767126,
  "best_raw_strategy_epoch_without_auc_gate": 11,
  "best_raw_strategy_score_without_auc_gate": 2.124055549702301,
  "feature_count": 32,
  "auc_gate": {
    "enabled": true,
    "abs_floor": 0.5,
    "slack": 0.02,
    "require_constraints_for_checkpoint": true
  },
  "best_auc_checkpoint": {
    "val_metrics_thr_0_5": {
      "accuracy": 0.4998003992015968,
      "precision": 0.5411832946635731,
      "recall": 0.3523413897280967,
      "f1": 0.42680695333943275,
      "auc": 0.5199714576975322
    },
    "test_metrics_thr_0_5": {
      "accuracy": 0.4676056338028169,
      "precision": 0.5532831001076426,
      "recall": 0.319056486654252,
      "f1": 0.4047244094488189,
      "auc": 0.4898197855568839
    },
    "selected_strategy": {
      "mode": "topk",
      "top_k": 4,
      "min_prob": 0.58,
      "threshold": 0.5,
      "constraints_satisfied": true,
      "drawdown_ok": true,
      "turnover_ok": true,
      "val_strategy": {
        "mode": "topk",
        "top_k": 4,
        "min_prob": 0.58,
        "threshold": 0.5,
        "drawdown_ok": true,
        "turnover_ok": true,
        "constraints_ok": true,
        "strategy_score": -1.0647507025655165,
        "periods": 101,
        "cumulative_return": -0.09844661908620611,
        "annualized_return": -0.0504009179922521,
        "sharpe": -0.3674293125304668,
        "max_drawdown": -0.18609613213758325,
        "win_rate": 0.0891089108910891,
        "avg_turnover": 0.3399339933993399,
        "avg_holdings": 0.42574257425742573
      },
      "test_strategy": {
        "periods": 114,
        "cumulative_return": 0.012113225945612038,
        "annualized_return": 0.005337338521828938,
        "sharpe": 0.10542870156741482,
        "max_drawdown": -0.08950888630079745,
        "win_rate": 0.08771929824561403,
        "avg_turnover": 0.2777777777777778,
        "avg_holdings": 0.3508771929824561
      }
    }
  },
  "best_strategy_checkpoint": {
    "val_metrics_thr_0_5": {
      "accuracy": 0.48582834331337327,
      "precision": 0.5173410404624278,
      "recall": 0.40558912386706947,
      "f1": 0.45469940728196445,
      "auc": 0.5011827340494384
    },
    "test_metrics_thr_0_5": {
      "accuracy": 0.46338028169014084,
      "precision": 0.5569371727748691,
      "recall": 0.26412166356300437,
      "f1": 0.35831578947368425,
      "auc": 0.5043829444537883
    },
    "selected_strategy": {
      "mode": "topk",
      "top_k": 4,
      "min_prob": 0.56,
      "threshold": 0.5,
      "constraints_satisfied": true,
      "drawdown_ok": true,
      "turnover_ok": true,
      "val_strategy": {
        "mode": "topk",
        "top_k": 4,
        "min_prob": 0.56,
        "threshold": 0.5,
        "drawdown_ok": true,
        "turnover_ok": true,
        "constraints_ok": true,
        "strategy_score": 0.46643945641767126,
        "periods": 101,
        "cumulative_return": 0.04626323221300299,
        "annualized_return": 0.022824295221353763,
        "sharpe": 0.25653839629784614,
        "max_drawdown": -0.10944506886810301,
        "win_rate": 0.07920792079207921,
        "avg_turnover": 0.3118811881188119,
        "avg_holdings": 0.46534653465346537
      },
      "test_strategy": {
        "periods": 114,
        "cumulative_return": 0.14127445763725355,
        "annualized_return": 0.060162563189994245,
        "sharpe": 0.5831784115278383,
        "max_drawdown": -0.09267167941784293,
        "win_rate": 0.043859649122807015,
        "avg_turnover": 0.12280701754385964,
        "avg_holdings": 0.12280701754385964
      }
    }
  }
}