{
  "model": "transformer",
  "best_auc_epoch": 1,
  "best_val_auc": 0.48671740498476634,
  "best_strategy_epoch": 1,
  "best_strategy_score": 0.5664540316578931,
  "best_auc_checkpoint": {
    "val_metrics_thr_0_5": {
      "accuracy": 0.5291417165668663,
      "precision": 0.5305690712925746,
      "recall": 0.947129909365559,
      "f1": 0.680135593220339,
      "auc": 0.4867173250432963
    },
    "test_metrics_thr_0_5": {
      "accuracy": 0.5473498233215548,
      "precision": 0.5718120805369128,
      "recall": 0.797752808988764,
      "f1": 0.6661454261141517,
      "auc": 0.5229288918168251
    },
    "selected_strategy": {
      "mode": "topk",
      "top_k": 2,
      "min_prob": 0.6,
      "threshold": 0.5,
      "constraints_satisfied": true,
      "val_strategy": {
        "mode": "topk",
        "top_k": 2,
        "min_prob": 0.6,
        "threshold": 0.5,
        "constraints_ok": true,
        "strategy_score": 0.5664540116725256,
        "periods": 101,
        "cumulative_return": 0.05749244511189855,
        "annualized_return": 0.028287602514229127,
        "sharpe": 0.23543944954939777,
        "max_drawdown": -0.2394924614017907,
        "win_rate": 0.39603960396039606,
        "avg_turnover": 0.9405940594059405,
        "avg_holdings": 1.495049504950495
      },
      "test_strategy": {
        "periods": 114,
        "cumulative_return": 0.49291868077125756,
        "annualized_return": 0.19382947983095034,
        "sharpe": 1.1798359682938726,
        "max_drawdown": -0.21789933020345365,
        "win_rate": 0.30701754385964913,
        "avg_turnover": 0.7280701754385965,
        "avg_holdings": 0.7807017543859649
      }
    }
  },
  "best_strategy_checkpoint": {
    "val_metrics_thr_0_5": {
      "accuracy": 0.5291417165668663,
      "precision": 0.5305690712925746,
      "recall": 0.947129909365559,
      "f1": 0.680135593220339,
      "auc": 0.4867173250432963
    },
    "test_metrics_thr_0_5": {
      "accuracy": 0.5473498233215548,
      "precision": 0.5718120805369128,
      "recall": 0.797752808988764,
      "f1": 0.6661454261141517,
      "auc": 0.5229288918168251
    },
    "selected_strategy": {
      "mode": "topk",
      "top_k": 2,
      "min_prob": 0.6,
      "threshold": 0.5,
      "constraints_satisfied": true,
      "val_strategy": {
        "mode": "topk",
        "top_k": 2,
        "min_prob": 0.6,
        "threshold": 0.5,
        "constraints_ok": true,
        "strategy_score": 0.5664540316578931,
        "periods": 101,
        "cumulative_return": 0.05749244511189855,
        "annualized_return": 0.028287602514229127,
        "sharpe": 0.23543944954939777,
        "max_drawdown": -0.2394924614017907,
        "win_rate": 0.39603960396039606,
        "avg_turnover": 0.9405940594059405,
        "avg_holdings": 1.495049504950495
      },
      "test_strategy": {
        "periods": 114,
        "cumulative_return": 0.49291868077125756,
        "annualized_return": 0.19382947983095034,
        "sharpe": 1.1798359682938726,
        "max_drawdown": -0.21789933020345365,
        "win_rate": 0.30701754385964913,
        "avg_turnover": 0.7280701754385965,
        "avg_holdings": 0.7807017543859649
      }
    }
  }
}