fold_id,strategy_type,cost_bps,periods,cumulative_return,annualized_return,sharpe,max_drawdown,win_rate,avg_turnover,avg_holdings
19,selected,5.0,26,-0.02517381006340913,-0.04822173955705156,-0.14240998536190547,-0.20251672041298285,0.4230769230769231,0.9230769230769231,1.7307692307692308
19,selected,10.0,26,-0.03679584166451777,-0.07009486598469328,-0.25610572389002767,-0.205377590127663,0.4230769230769231,0.9230769230769231,1.7307692307692308
19,selected,20.0,26,-0.059646995950283443,-0.11238329209505016,-0.4842262964314799,-0.21107295057417497,0.4230769230769231,0.9230769230769231,1.7307692307692308
19,current_fixed,5.0,26,-0.07962199630104316,-0.14856808662256327,-0.822143878314119,-0.17734845447125203,0.15384615384615385,0.5384615384615384,0.8461538461538461
19,current_fixed,10.0,26,-0.08607321536682488,-0.16009868173538344,-0.8984617924481386,-0.18070077384941674,0.15384615384615385,0.5384615384615384,0.8461538461538461
19,current_fixed,20.0,26,-0.09885114564100284,-0.18271256610108755,-1.050497078239755,-0.18736957431112033,0.15384615384615385,0.5384615384615384,0.8461538461538461
