fold_id,strategy_type,cost_bps,periods,cumulative_return,annualized_return,sharpe,max_drawdown,win_rate,avg_turnover,avg_holdings
11,selected,5.0,26,0.22322785522286215,0.4778476182712843,1.6564879128186327,-0.07548314222690378,0.5769230769230769,0.9615384615384615,3.0
11,selected,10.0,26,0.2081536683326537,0.44274866576959226,1.5621253645197257,-0.07610932850754437,0.5384615384615384,0.9615384615384615,3.0
11,selected,20.0,26,0.17853456286692415,0.3749735706259074,1.3730002202270377,-0.0773610646838061,0.5384615384615384,0.9615384615384615,3.0
11,current_fixed,5.0,26,0.14992933105023476,0.31101811878478336,1.13434459427388,-0.10550105458918513,0.5384615384615384,0.9615384615384616,2.0
11,current_fixed,10.0,26,0.13576399318233223,0.27989354308709125,1.04599376113404,-0.106439570558721,0.5384615384615384,0.9615384615384616,2.0
11,current_fixed,20.0,26,0.10792752194010546,0.21978571082705534,0.8684140481071246,-0.10831512540752664,0.5384615384615384,0.9615384615384616,2.0
