fold_id,strategy_type,cost_bps,periods,cumulative_return,annualized_return,sharpe,max_drawdown,win_rate,avg_turnover,avg_holdings
21,selected,5.0,25,0.3200500887177602,0.7502910329712085,2.551859862855267,-0.07409987208095747,0.64,0.9466666666666668,2.8
21,selected,10.0,25,0.3046385120111039,0.7093391199077632,2.44510410935688,-0.07599761799668137,0.64,0.9466666666666668,2.8
21,selected,20.0,25,0.2743262756461933,0.6302183084763999,2.232063787971592,-0.07978599503517336,0.64,0.9466666666666668,2.8
21,current_fixed,5.0,25,0.16363801736492545,0.35734075678204524,1.5205203711614332,-0.06805612372292391,0.36,0.8,1.24
21,current_fixed,10.0,25,0.15206885316265617,0.33027223196680766,1.424239530306238,-0.07043516710696174,0.36,0.8,1.24
21,current_fixed,20.0,25,0.12925241960423284,0.2776935900845472,1.2324763350078,-0.07518012554369002,0.36,0.8,1.24
