fold_id,strategy_type,cost_bps,periods,cumulative_return,annualized_return,sharpe,max_drawdown,win_rate,avg_turnover,avg_holdings
14,selected,5.0,26,-0.17262707047470638,-0.3074244596765129,-0.9046567926637655,-0.17262707047470638,0.5384615384615384,0.7564102564102563,3.0
14,selected,10.0,26,-0.18084664581763354,-0.3206997111686323,-0.9593338956082634,-0.18084664581763354,0.5384615384615384,0.7564102564102563,3.0
14,selected,20.0,26,-0.197054481485755,-0.3465119818218232,-1.068249325126547,-0.197054481485755,0.5,0.7564102564102563,3.0
14,current_fixed,5.0,26,-0.0940882647772302,-0.1743183370806376,-0.3275746816614498,-0.16500700552740355,0.5769230769230769,1.0384615384615385,1.9615384615384615
14,current_fixed,10.0,26,-0.10640919806575244,-0.19594782805927535,-0.3967202333255204,-0.1680513339777827,0.5769230769230769,1.0384615384615385,1.9615384615384615
14,current_fixed,20.0,26,-0.1305759087220677,-0.23756481549477426,-0.5342854021967359,-0.17411431946603362,0.5769230769230769,1.0384615384615385,1.9615384615384615
