fold_id,split_name_val,mode,top_k,min_prob,threshold,constraints_ok_val,periods_val,cumulative_return_val,annualized_return_val,sharpe_val,max_drawdown_val,win_rate_val,avg_turnover_val,avg_holdings_val,split_name_test,constraints_ok_test,periods_test,cumulative_return_test,annualized_return_test,sharpe_test,max_drawdown_test,win_rate_test,avg_turnover_test,avg_holdings_test
10,val,topk,3,0.56,0.5,True,26,0.16261073946915938,0.33918918296183986,2.5211504146798065,-0.0073425695885473985,0.15384615384615385,0.3076923076923077,0.19230769230769232,test,,26,-0.029727093219215295,-0.05682053175848112,-1.4418381860234841,-0.029727093219215295,0.0,0.07692307692307693,0.038461538461538464
10,val,topk,3,0.58,0.5,True,26,0.08002050787188875,0.1609316471363329,1.7926346523636982,-0.006348918507054435,0.07692307692307693,0.15384615384615385,0.11538461538461539,test,,26,0.0,0.0,0.0,0.0,0.0,0.0,0.0
10,val,topk,4,0.56,0.5,True,26,0.16261073946915938,0.33918918296183986,2.5211504146798065,-0.0073425695885473985,0.15384615384615385,0.3076923076923077,0.19230769230769232,test,,26,-0.029727093219215295,-0.05682053175848112,-1.4418381860234841,-0.029727093219215295,0.0,0.07692307692307693,0.038461538461538464
10,val,topk,4,0.58,0.5,True,26,0.08002050787188875,0.1609316471363329,1.7926346523636982,-0.006348918507054435,0.07692307692307693,0.15384615384615385,0.11538461538461539,test,,26,0.0,0.0,0.0,0.0,0.0,0.0,0.0
