fold_id,strategy_type,cost_bps,periods,cumulative_return,annualized_return,sharpe,max_drawdown,win_rate,avg_turnover,avg_holdings
10,selected,5.0,26,-0.028741721143749288,-0.05496287798273458,-1.4177053101775328,-0.028741721143749288,0.0,0.07692307692307693,0.038461538461538464
10,selected,10.0,26,-0.029727093219215295,-0.05682053175848112,-1.4418381860234841,-0.029727093219215295,0.0,0.07692307692307693,0.038461538461538464
10,selected,20.0,26,-0.03169633737014699,-0.060527709217661596,-1.4865060333220497,-0.03169633737014699,0.0,0.07692307692307693,0.038461538461538464
10,current_fixed,5.0,26,-0.028741721143749288,-0.05496287798273458,-1.4177053101775328,-0.028741721143749288,0.0,0.07692307692307693,0.038461538461538464
10,current_fixed,10.0,26,-0.029727093219215295,-0.05682053175848112,-1.4418381860234841,-0.029727093219215295,0.0,0.07692307692307693,0.038461538461538464
10,current_fixed,20.0,26,-0.03169633737014699,-0.060527709217661596,-1.4865060333220497,-0.03169633737014699,0.0,0.07692307692307693,0.038461538461538464
