{
  "fixed_strategy_config": {
    "mode": "topk",
    "top_k": 2,
    "min_prob": 0.54,
    "threshold": 0.5
  },
  "transaction_cost_bps": 10.0,
  "dc_feature_count": 10,
  "dc_features": [
    "dc_dist_extreme",
    "dc_event",
    "dc_event_density_20",
    "dc_run_length",
    "dc_tmv",
    "dc_trend",
    "mkt_dc_event",
    "mkt_dc_run_length",
    "mkt_dc_tmv",
    "mkt_dc_trend"
  ],
  "variant_summaries": [
    {
      "variant": "full_features",
      "n_features": 48,
      "n_dc_features": 10,
      "best_epoch": 3,
      "best_score": 2.7841772242043965,
      "val_classification": {
        "accuracy": 0.5155688622754491,
        "precision": 0.5273582569943055,
        "recall": 0.804380664652568,
        "f1": 0.6370569762225212,
        "auc": 0.4849128062397835
      },
      "test_classification": {
        "accuracy": 0.5095406360424029,
        "precision": 0.5680228862047044,
        "recall": 0.5577403245942572,
        "f1": 0.5628346456692914,
        "auc": 0.5127438930164656
      },
      "val_fixed_strategy": {
        "periods": 101,
        "cumulative_return": 0.49775470746625405,
        "annualized_return": 0.22333849783221438,
        "sharpe": 0.97527449869535,
        "max_drawdown": -0.16351030425739066,
        "win_rate": 0.5445544554455446,
        "avg_turnover": 1.0792079207920793,
        "avg_holdings": 1.8217821782178218
      },
      "test_fixed_strategy": {
        "periods": 114,
        "cumulative_return": 0.20518889531090112,
        "annualized_return": 0.08601267946623214,
        "sharpe": 0.4513559355907008,
        "max_drawdown": -0.29797437362553325,
        "win_rate": 0.45614035087719296,
        "avg_turnover": 0.7894736842105263,
        "avg_holdings": 1.5263157894736843
      }
    },
    {
      "variant": "no_dc",
      "n_features": 38,
      "n_dc_features": 0,
      "best_epoch": 5,
      "best_score": 0.6850027037919207,
      "val_classification": {
        "accuracy": 0.5115768463073852,
        "precision": 0.5252449133383572,
        "recall": 0.7896525679758308,
        "f1": 0.6308643837682909,
        "auc": 0.48591391326926076
      },
      "test_classification": {
        "accuracy": 0.49823321554770317,
        "precision": 0.5649536045681656,
        "recall": 0.49406991260923844,
        "f1": 0.527139527139527,
        "auc": 0.5094378286303358
      },
      "val_fixed_strategy": {
        "periods": 101,
        "cumulative_return": 0.11853953746603696,
        "annualized_return": 0.05749299762393156,
        "sharpe": 0.34142989715738414,
        "max_drawdown": -0.27930215416154147,
        "win_rate": 0.48514851485148514,
        "avg_turnover": 0.9801980198019802,
        "avg_holdings": 1.811881188118812
      },
      "test_fixed_strategy": {
        "periods": 114,
        "cumulative_return": 0.012629486948182667,
        "annualized_return": 0.0055640199478381724,
        "sharpe": 0.158592682683319,
        "max_drawdown": -0.3305384212362886,
        "win_rate": 0.4298245614035088,
        "avg_turnover": 0.7894736842105263,
        "avg_holdings": 1.3859649122807018
      }
    },
    {
      "variant": "dc_only",
      "n_features": 10,
      "n_dc_features": 10,
      "best_epoch": 2,
      "best_score": 1.401498001092382,
      "val_classification": {
        "accuracy": 0.5285429141716567,
        "precision": 0.5285429141716567,
        "recall": 1.0,
        "f1": 0.691564377121964,
        "auc": 0.5190960186589787
      },
      "test_classification": {
        "accuracy": 0.566077738515901,
        "precision": 0.566077738515901,
        "recall": 1.0,
        "f1": 0.7229241877256317,
        "auc": 0.4924265067688191
      },
      "val_fixed_strategy": {
        "periods": 101,
        "cumulative_return": 0.24064493568541856,
        "annualized_return": 0.11360464364080403,
        "sharpe": 0.550698124266713,
        "max_drawdown": -0.18548730046897988,
        "win_rate": 0.49504950495049505,
        "avg_turnover": 1.2079207920792079,
        "avg_holdings": 2.0
      },
      "test_fixed_strategy": {
        "periods": 114,
        "cumulative_return": 0.11912539811268608,
        "annualized_return": 0.05101654696052704,
        "sharpe": 0.33547832419144225,
        "max_drawdown": -0.2616727857754775,
        "win_rate": 0.4824561403508772,
        "avg_turnover": 1.2017543859649122,
        "avg_holdings": 2.0
      }
    }
  ]
}