fold_id,strategy_type,cost_bps,periods,cumulative_return,annualized_return,sharpe,max_drawdown,win_rate,avg_turnover,avg_holdings
5,selected,5.0,26,0.3330539232880405,0.7458723957152857,2.1741961716397076,-0.10514668984906461,0.6153846153846154,0.9102564102564104,2.1538461538461537
5,selected,10.0,26,0.31758749166510536,0.7068206268173478,2.0934395170957174,-0.10609413597492645,0.6153846153846154,0.9102564102564104,2.1538461538461537
5,selected,20.0,26,0.287166580928399,0.6312583843101842,1.931045681585196,-0.1079876948933165,0.6153846153846154,0.9102564102564104,2.1538461538461537
5,current_fixed,5.0,26,-0.011065486703085381,-0.021338620794027485,-0.043017328237565856,-0.10338355498930318,0.2692307692307692,0.4230769230769231,0.6923076923076923
5,current_fixed,10.0,26,-0.016546593809262045,-0.03182581550754382,-0.10507768724759252,-0.10480960533954153,0.2692307692307692,0.4230769230769231,0.6923076923076923
5,current_fixed,20.0,26,-0.02742916677776719,-0.052485661719906096,-0.2278844562840444,-0.10765870604001881,0.2692307692307692,0.4230769230769231,0.6923076923076923
