fold_id,split_name_val,mode,top_k,min_prob,threshold,constraints_ok_val,periods_val,cumulative_return_val,annualized_return_val,sharpe_val,max_drawdown_val,win_rate_val,avg_turnover_val,avg_holdings_val,split_name_test,constraints_ok_test,periods_test,cumulative_return_test,annualized_return_test,sharpe_test,max_drawdown_test,win_rate_test,avg_turnover_test,avg_holdings_test
7,val,topk,3,0.56,0.5,True,26,-0.010066454790388146,-0.019421244832644624,-0.03552169294015036,-0.09941599489744735,0.19230769230769232,0.4871794871794872,0.5,test,,26,-0.33095226442109704,-0.5411662963490315,-1.5602743149828562,-0.3646033601385291,0.19230769230769232,0.6794871794871795,0.7307692307692307
7,val,topk,3,0.58,0.5,True,26,0.04920513525882986,0.09758230726009276,0.9122301740562637,-0.04209363562990465,0.15384615384615385,0.38461538461538464,0.23076923076923078,test,,26,-0.2262042468318174,-0.39171592418598655,-0.8230059153128441,-0.3361503783514965,0.19230769230769232,0.6153846153846154,0.5
7,val,topk,4,0.56,0.5,True,26,-0.012083142066016461,-0.02328987149767847,-0.05786100764261861,-0.09978052601549914,0.15384615384615385,0.5,0.5769230769230769,test,,26,-0.32807973021280734,-0.5373398591630743,-1.5394009576735481,-0.36187530579087446,0.19230769230769232,0.6602564102564104,0.7692307692307693
7,val,topk,4,0.58,0.5,True,26,0.04920513525882986,0.09758230726009276,0.9122301740562637,-0.04209363562990465,0.15384615384615385,0.38461538461538464,0.23076923076923078,test,,26,-0.2228819804926574,-0.38664314773386477,-0.8044575890042801,-0.3361503783514965,0.19230769230769232,0.5961538461538461,0.5384615384615384
