fold_id,strategy_type,cost_bps,periods,cumulative_return,annualized_return,sharpe,max_drawdown,win_rate,avg_turnover,avg_holdings
7,selected,5.0,26,-0.21983938227736322,-0.38197950681579107,-0.7900098001290459,-0.33397779512426895,0.19230769230769232,0.6153846153846154,0.5
7,selected,10.0,26,-0.2262042468318174,-0.39171592418598655,-0.8230059153128441,-0.3361503783514965,0.19230769230769232,0.6153846153846154,0.5
7,selected,20.0,26,-0.2387894185649846,-0.41074721383803536,-0.8888155153867091,-0.3404778727483817,0.19230769230769232,0.6153846153846154,0.5
7,current_fixed,5.0,26,-0.32207885971432604,-0.5292966079163705,-1.5030036111841105,-0.35808260520909163,0.19230769230769232,0.6602564102564104,0.7692307692307693
7,current_fixed,10.0,26,-0.32807973021280734,-0.5373398591630743,-1.5394009576735481,-0.36187530579087446,0.19230769230769232,0.6602564102564104,0.7692307692307693
7,current_fixed,20.0,26,-0.3399337869659582,-0.5530310923700006,-1.6117630214574978,-0.3694015372667995,0.19230769230769232,0.6602564102564104,0.7692307692307693
