{
  "current_frozen_cfg": {
    "mode": "topk",
    "top_k": 3,
    "min_prob": 0.54,
    "threshold": 0.5
  },
  "optimized_execution_cfg": {
    "mode": "topk",
    "top_k": 2,
    "entry_prob": 0.6,
    "exit_prob": 0.5599999999999999,
    "threshold": 0.5,
    "switch_buffer": 0.0,
    "min_hold_periods": 2,
    "max_new_names_per_rebalance": 1
  },
  "best_search_row": {
    "top_k": 2,
    "entry_prob": 0.6,
    "exit_prob": 0.5599999999999999,
    "exit_gap": 0.04,
    "switch_buffer": 0.0,
    "min_hold_periods": 2,
    "max_new_names_per_rebalance": 1,
    "mdd_ok": true,
    "turnover_ok": true,
    "all_constraints_ok": true,
    "selection_score": 1.5457401886492557,
    "val_cumret": 0.4254503311394271,
    "val_sharpe": 0.8917161580351498,
    "val_mdd": -0.21275964205111197,
    "val_turnover": 0.7029702970297029,
    "val_avg_holdings": 1.8712871287128714,
    "test_cumret": 0.5139120177125063,
    "test_sharpe": 1.134012079864403,
    "test_mdd": -0.1731837096755079,
    "test_turnover": 0.6194690265486725,
    "test_avg_holdings": 1.1415929203539823
  },
  "current_val_metrics": {
    "periods": 101,
    "cumulative_return": 0.2155103431180656,
    "annualized_return": 0.1022888385536791,
    "sharpe": 0.5330343393739043,
    "max_drawdown": -0.2664498209786643,
    "win_rate": 0.5247524752475248,
    "avg_turnover": 0.8283828382838284,
    "avg_holdings": 3.0,
    "avg_exposure": 1.0
  },
  "current_test_metrics": {
    "periods": 113,
    "cumulative_return": 0.48666061050135423,
    "annualized_return": 0.19346455778557958,
    "sharpe": 1.006162435471556,
    "max_drawdown": -0.24864610302098689,
    "win_rate": 0.5929203539823009,
    "avg_turnover": 0.9056047197640118,
    "avg_holdings": 2.8672566371681416,
    "avg_exposure": 0.9911504424778761
  },
  "optimized_val_metrics": {
    "periods": 101,
    "cumulative_return": 0.4254503311394271,
    "annualized_return": 0.19350327976862935,
    "sharpe": 0.8917161580351498,
    "max_drawdown": -0.21275964205111197,
    "win_rate": 0.504950495049505,
    "avg_turnover": 0.7029702970297029,
    "avg_holdings": 1.8712871287128714,
    "avg_exposure": 0.9900990099009901
  },
  "optimized_test_metrics": {
    "periods": 113,
    "cumulative_return": 0.5139120177125063,
    "annualized_return": 0.2031729833821292,
    "sharpe": 1.134012079864403,
    "max_drawdown": -0.1731837096755079,
    "win_rate": 0.415929203539823,
    "avg_turnover": 0.6194690265486725,
    "avg_holdings": 1.1415929203539823,
    "avg_exposure": 0.7345132743362832
  }
}