fold_id,strategy_type,cost_bps,periods,cumulative_return,annualized_return,sharpe,max_drawdown,win_rate,avg_turnover,avg_holdings
5,selected,5.0,26,0.31778367820453424,0.7073133070711617,2.4407585173024673,-0.10514677344337253,0.5384615384615384,1.0128205128205128,2.0384615384615383
5,selected,10.0,26,0.3007824754213311,0.6648740131978372,2.335290327538897,-0.10609421946759234,0.5384615384615384,1.0128205128205128,2.0384615384615383
5,selected,20.0,26,0.26740314464952,0.5830562380817064,2.1224678591057655,-0.10798777818269911,0.5384615384615384,1.0128205128205128,2.0384615384615383
5,current_fixed,5.0,26,0.08385634840021372,0.16893764542623746,1.3796378703491214,-0.04133225180716671,0.19230769230769232,0.5,0.5769230769230769
5,current_fixed,10.0,26,0.07686837456213391,0.15437259312078844,1.2757905729594865,-0.042311325468093575,0.19230769230769232,0.5,0.5769230769230769
5,current_fixed,20.0,26,0.06301538914563398,0.1257602254307688,1.0657417122746529,-0.04426797278994743,0.19230769230769232,0.5,0.5769230769230769
