fold_id,strategy_type,cost_bps,periods,cumulative_return,annualized_return,sharpe,max_drawdown,win_rate,avg_turnover,avg_holdings
15,selected,5.0,26,0.2519748762620575,0.5459140482145186,1.8024252647454095,-0.04812748027597158,0.3076923076923077,0.6538461538461539,0.9230769230769231
15,selected,10.0,26,0.2414438857570984,0.5208068461554527,1.7379660387610958,-0.05005523358730235,0.3076923076923077,0.6538461538461539,0.9230769230769231
15,selected,20.0,26,0.22062981710536334,0.47176918092534237,1.6089809331173321,-0.05390195522497854,0.3076923076923077,0.6538461538461539,0.9230769230769231
15,current_fixed,5.0,26,0.11866145127361016,0.2427978806404958,0.9516515980231841,-0.10171497440439337,0.19230769230769232,0.34615384615384615,0.6153846153846154
15,current_fixed,10.0,26,0.1136398948508861,0.23200638721761013,0.9177777244210499,-0.10218202168721613,0.19230769230769232,0.34615384615384615,0.6153846153846154
15,current_fixed,20.0,26,0.10365684615941895,0.2106878416008422,0.8500235511084056,-0.10377097657716605,0.19230769230769232,0.34615384615384615,0.6153846153846154
