{
  "static_prediction_only": {
    "3": {
      "n_bootstrap": 2000,
      "block_length": 3,
      "orig_periods": 113,
      "cumret_mean": 0.6234436358099997,
      "cumret_median": 0.5739918448207707,
      "cumret_ci_5": -0.009346605551097582,
      "cumret_ci_95": 1.3837469079866211,
      "annret_mean": 0.23068911897322028,
      "annret_ci_5": -0.004179620145464211,
      "annret_ci_95": 0.4732101344381384,
      "sharpe_mean": 1.1406240002669834,
      "sharpe_median": 1.1121405110302067,
      "sharpe_ci_5": 0.09007403402959434,
      "sharpe_ci_95": 2.2667681004537674,
      "mdd_mean": -0.17956241569306702,
      "mdd_ci_5": -0.30457426424533707,
      "mdd_ci_95": -0.10205906923168367,
      "prob_cumret_positive": 0.9455,
      "prob_sharpe_positive": 0.965
    },
    "5": {
      "n_bootstrap": 2000,
      "block_length": 5,
      "orig_periods": 113,
      "cumret_mean": 0.6113616636668922,
      "cumret_median": 0.5675843717113472,
      "cumret_ci_5": -0.0083967295654594,
      "cumret_ci_95": 1.3939058950577685,
      "annret_mean": 0.2264965452751224,
      "annret_ci_5": -0.003753855833377465,
      "annret_ci_95": 0.47600716169702495,
      "sharpe_mean": 1.1138400859750253,
      "sharpe_median": 1.0760597475513132,
      "sharpe_ci_5": 0.09892847994788291,
      "sharpe_ci_95": 2.233785981938255,
      "mdd_mean": -0.18661227735248864,
      "mdd_ci_5": -0.31270323319847343,
      "mdd_ci_95": -0.10754280454039189,
      "prob_cumret_positive": 0.946,
      "prob_sharpe_positive": 0.968
    },
    "10": {
      "n_bootstrap": 2000,
      "block_length": 10,
      "orig_periods": 113,
      "cumret_mean": 0.6764035342262246,
      "cumret_median": 0.6236758844299296,
      "cumret_ci_5": -0.015364236122087965,
      "cumret_ci_95": 1.537688471709811,
      "annret_mean": 0.24646979018441548,
      "annret_ci_5": -0.00688211957748428,
      "annret_ci_95": 0.51490924445616,
      "sharpe_mean": 1.1890947153356148,
      "sharpe_median": 1.175706809794538,
      "sharpe_ci_5": 0.07993901175872249,
      "sharpe_ci_95": 2.4042646270805683,
      "mdd_mean": -0.19818173935120303,
      "mdd_ci_5": -0.34128861427481816,
      "mdd_ci_95": -0.1077399441277273,
      "prob_cumret_positive": 0.945,
      "prob_sharpe_positive": 0.9605
    }
  },
  "final_sticky_execution": {
    "3": {
      "n_bootstrap": 2000,
      "block_length": 3,
      "orig_periods": 113,
      "cumret_mean": 0.5424610821082082,
      "cumret_median": 0.5086426662737171,
      "cumret_ci_5": 0.0004078306047629617,
      "cumret_ci_95": 1.219962717791777,
      "annret_mean": 0.2044376758070351,
      "annret_ci_5": 0.0001818767279539121,
      "annret_ci_95": 0.4271719510005013,
      "sharpe_mean": 1.1208412659504863,
      "sharpe_median": 1.1214518051964038,
      "sharpe_ci_5": 0.0941948319726615,
      "sharpe_ci_95": 2.1617594853128956,
      "mdd_mean": -0.15974184330150196,
      "mdd_ci_5": -0.27194290077820515,
      "mdd_ci_95": -0.08022336201509395,
      "prob_cumret_positive": 0.95,
      "prob_sharpe_positive": 0.9635
    },
    "5": {
      "n_bootstrap": 2000,
      "block_length": 5,
      "orig_periods": 113,
      "cumret_mean": 0.5614346046578692,
      "cumret_median": 0.5246734506581102,
      "cumret_ci_5": -0.0033956734155054288,
      "cumret_ci_95": 1.2593708948507696,
      "annret_mean": 0.21066997842972449,
      "annret_ci_5": -0.0015159575680978364,
      "annret_ci_95": 0.4384166183351118,
      "sharpe_mean": 1.1521454538221265,
      "sharpe_median": 1.1539269773275431,
      "sharpe_ci_5": 0.07705219964402475,
      "sharpe_ci_95": 2.2017718572388616,
      "mdd_mean": -0.16496942185394936,
      "mdd_ci_5": -0.2827419588851411,
      "mdd_ci_95": -0.07937239612897266,
      "prob_cumret_positive": 0.947,
      "prob_sharpe_positive": 0.9575
    },
    "10": {
      "n_bootstrap": 2000,
      "block_length": 10,
      "orig_periods": 113,
      "cumret_mean": 0.5376540264163164,
      "cumret_median": 0.5035292254741247,
      "cumret_ci_5": -0.020960618227832226,
      "cumret_ci_95": 1.1815580787753273,
      "annret_mean": 0.20251027431416782,
      "annret_ci_5": -0.009403685480851003,
      "annret_ci_95": 0.41610666645983935,
      "sharpe_mean": 1.1279445780991373,
      "sharpe_median": 1.1321280433580787,
      "sharpe_ci_5": 0.033018132699351284,
      "sharpe_ci_95": 2.17961741802968,
      "mdd_mean": -0.17464027666267623,
      "mdd_ci_5": -0.29732705007350146,
      "mdd_ci_95": -0.08164508829905423,
      "prob_cumret_positive": 0.9365,
      "prob_sharpe_positive": 0.956
    }
  }
}