fold_id,split_name_val,mode,top_k,min_prob,threshold,constraints_ok_val,periods_val,cumulative_return_val,annualized_return_val,sharpe_val,max_drawdown_val,win_rate_val,avg_turnover_val,avg_holdings_val,split_name_test,constraints_ok_test,periods_test,cumulative_return_test,annualized_return_test,sharpe_test,max_drawdown_test,win_rate_test,avg_turnover_test,avg_holdings_test
4,val,topk,3,0.56,0.5,True,26,0.2911918099017725,0.641161515825825,1.5727329923725186,-0.08388455306253206,0.38461538461538464,0.7564102564102565,0.7692307692307693,test,,26,0.07646316678156273,0.1535307296591999,0.8430543467292306,-0.05644229008721324,0.15384615384615385,0.34615384615384615,0.23076923076923078
4,val,topk,3,0.58,0.5,True,26,0.5649897717765509,1.3826105930283945,2.046406831482935,-0.0821990706669824,0.3076923076923077,0.5897435897435898,0.5,test,,26,-0.06608771938971403,-0.12413032472030439,-1.6479190130592845,-0.06911203606200844,0.038461538461538464,0.23076923076923078,0.11538461538461539
4,val,topk,4,0.56,0.5,True,26,0.2918266244771466,0.6427259771023324,1.576073639783838,-0.08388455306253229,0.38461538461538464,0.7692307692307693,0.8076923076923077,test,,26,0.07646316678156273,0.1535307296591999,0.8430543467292306,-0.05644229008721324,0.15384615384615385,0.34615384615384615,0.23076923076923078
4,val,topk,4,0.58,0.5,True,26,0.5660217647706489,1.3856571539013154,2.049699342988921,-0.0821990706669824,0.3076923076923077,0.5961538461538461,0.5384615384615384,test,,26,-0.06608771938971403,-0.12413032472030439,-1.6479190130592845,-0.06911203606200844,0.038461538461538464,0.23076923076923078,0.11538461538461539
