fold_id,strategy_type,cost_bps,periods,cumulative_return,annualized_return,sharpe,max_drawdown,win_rate,avg_turnover,avg_holdings
4,selected,5.0,26,-0.06324965877774136,-0.11896341279963818,-1.5868862524100111,-0.06674828079924988,0.038461538461538464,0.23076923076923078,0.11538461538461539
4,selected,10.0,26,-0.06608771938971403,-0.12413032472030439,-1.6479190130592845,-0.06911203606200844,0.038461538461538464,0.23076923076923078,0.11538461538461539
4,selected,20.0,26,-0.07174235009373087,-0.13438115541784657,-1.7654261556954527,-0.07382517964251045,0.038461538461538464,0.23076923076923078,0.11538461538461539
4,current_fixed,5.0,26,0.0813392102987478,0.1636809803886825,0.8908206714718299,-0.055470288981150584,0.15384615384615385,0.34615384615384615,0.23076923076923078
4,current_fixed,10.0,26,0.07646316678156273,0.1535307296591999,0.8430543467292306,-0.05644229008721324,0.15384615384615385,0.34615384615384615,0.23076923076923078
4,current_fixed,20.0,26,0.06676967037696602,0.13348008504071895,0.7478627224197888,-0.05838479229933802,0.15384615384615385,0.34615384615384615,0.23076923076923078
