fold_id,strategy_type,cost_bps,periods,cumulative_return,annualized_return,sharpe,max_drawdown,win_rate,avg_turnover,avg_holdings
19,selected,5.0,26,0.010917692109676747,0.021271921022474993,0.2060538732245054,-0.21279431346827016,0.23076923076923078,0.8205128205128206,1.2692307692307692
19,selected,10.0,26,0.0001752775644512372,0.0003397967616427522,0.1340006125180051,-0.21631680977235768,0.23076923076923078,0.8205128205128206,1.2692307692307692
19,selected,20.0,26,-0.02098779752777502,-0.040283203516670585,-0.01004020631190332,-0.223320871422369,0.23076923076923078,0.8205128205128206,1.2692307692307692
19,current_fixed,5.0,26,-0.15662053004883103,-0.2812158710601884,-1.9453933632829796,-0.21198642814588864,0.11538461538461539,0.4230769230769231,0.5769230769230769
19,current_fixed,10.0,26,-0.16132066312172877,-0.28896058700795546,-2.003929318660139,-0.2156198314703217,0.11538461538461539,0.4230769230769231,0.5769230769230769
19,current_fixed,20.0,26,-0.17065081067430465,-0.3042141012005046,-2.118865888592605,-0.22284315792209575,0.11538461538461539,0.4230769230769231,0.5769230769230769
