fold_id,strategy_type,cost_bps,periods,cumulative_return,annualized_return,sharpe,max_drawdown,win_rate,avg_turnover,avg_holdings
17,selected,5.0,26,0.07094999167683391,0.14210605323973735,1.4780320848096549,-0.020587007801540547,0.11538461538461539,0.3076923076923077,0.2692307692307692
17,selected,10.0,26,0.06669790529580877,0.13333227637596656,1.3988604077186313,-0.02207595927337591,0.11538461538461539,0.3076923076923077,0.2692307692307692
17,selected,20.0,26,0.05823636438112323,0.11597015970802849,1.2373664894201237,-0.025050862217046332,0.11538461538461539,0.3076923076923077,0.2692307692307692
17,current_fixed,5.0,26,0.08467317077453029,0.17064592119663957,1.9847172559337216,-0.015318687794585117,0.15384615384615385,0.34615384615384615,0.46153846153846156
17,current_fixed,10.0,26,0.07984787833695117,0.16057196873177482,1.8942543638284908,-0.016560524744162475,0.15384615384615385,0.34615384615384615,0.46153846153846156
17,current_fixed,20.0,26,0.07025169425889954,0.14066293482179937,1.7048376977725814,-0.019041948643317763,0.11538461538461539,0.34615384615384615,0.46153846153846156
