fold_id,strategy_type,cost_bps,periods,cumulative_return,annualized_return,sharpe,max_drawdown,win_rate,avg_turnover,avg_holdings
9,selected,5.0,26,0.3690691623942193,0.8384650073644844,1.7610531229982616,-0.21208573086084925,0.7692307692307693,0.9615384615384616,2.923076923076923
9,selected,10.0,26,0.35245226937232044,0.7954563489432234,1.7027598599887641,-0.21369386545492397,0.7692307692307693,0.9615384615384616,2.923076923076923
9,selected,20.0,26,0.31979137398733815,0.712359159549929,1.5853111764076546,-0.21690332555807668,0.7307692307692307,0.9615384615384616,2.923076923076923
9,current_fixed,5.0,26,0.21904578560244126,0.4680690917502375,1.2191167739661777,-0.19559891623024384,0.6153846153846154,1.2692307692307692,1.5769230769230769
9,current_fixed,10.0,26,0.19924760189409296,0.42220364580748204,1.1342650058014838,-0.19815885283661572,0.6153846153846154,1.2692307692307692,1.5769230769230769
9,current_fixed,20.0,26,0.16056505598497428,0.33462519491961906,0.9640840749881863,-0.2032611707577512,0.6153846153846154,1.2692307692307692,1.5769230769230769
