fold_id,split_name_val,mode,top_k,min_prob,threshold,constraints_ok_val,periods_val,cumulative_return_val,annualized_return_val,sharpe_val,max_drawdown_val,win_rate_val,avg_turnover_val,avg_holdings_val,split_name_test,constraints_ok_test,periods_test,cumulative_return_test,annualized_return_test,sharpe_test,max_drawdown_test,win_rate_test,avg_turnover_test,avg_holdings_test
3,val,topk,3,0.56,0.5,True,26,-0.06927770165393643,-0.12992037297992143,-1.0263887656741464,-0.12288019708524844,0.15384615384615385,0.6923076923076923,1.1538461538461537,test,,26,-0.019069213833470045,-0.03663405038909695,-0.10879602834153244,-0.0848483486310061,0.2692307692307692,0.7948717948717949,0.8076923076923077
3,val,topk,3,0.58,0.5,True,26,0.027432711732530146,0.053861386305771974,0.9303061898587932,-0.012713855559973064,0.038461538461538464,0.23076923076923078,0.15384615384615385,test,,26,0.03414739439509118,0.06725329195135021,1.8249386461421293,-0.0010000000000000009,0.07692307692307693,0.15384615384615385,0.15384615384615385
3,val,topk,4,0.56,0.5,True,26,-0.059324940177082564,-0.11179391586535459,-0.9075091138581789,-0.10871009699673673,0.15384615384615385,0.7051282051282052,1.3846153846153846,test,,26,-0.0402682376247715,-0.07658227677467011,-0.40368550474787346,-0.08388455306253206,0.2692307692307692,0.8076923076923077,0.9230769230769231
3,val,topk,4,0.58,0.5,True,26,0.027432711732530146,0.053861386305771974,0.9303061898587932,-0.012713855559973064,0.038461538461538464,0.23076923076923078,0.15384615384615385,test,,26,0.03414739439509118,0.06725329195135021,1.8249386461421293,-0.0010000000000000009,0.07692307692307693,0.15384615384615385,0.15384615384615385
