fold_id,strategy_type,cost_bps,periods,cumulative_return,annualized_return,sharpe,max_drawdown,win_rate,avg_turnover,avg_holdings
3,selected,5.0,26,0.036200026479857206,0.07136344165216246,1.8896781130455034,-0.000500000000000056,0.07692307692307693,0.15384615384615385,0.15384615384615385
3,selected,10.0,26,0.03414739439509118,0.06725329195135021,1.8249386461421293,-0.0010000000000000009,0.07692307692307693,0.15384615384615385,0.15384615384615385
3,selected,20.0,26,0.0300512801736319,0.05907417666265369,1.681807089393602,-0.0020000000000000018,0.07692307692307693,0.15384615384615385,0.15384615384615385
3,current_fixed,5.0,26,-0.030192697642074995,-0.05769768791773011,-0.2786598611429021,-0.08248270807804003,0.2692307692307692,0.8076923076923077,0.9230769230769231
3,current_fixed,10.0,26,-0.0402682376247715,-0.07658227677467011,-0.40368550474787346,-0.08388455306253206,0.2692307692307692,0.8076923076923077,0.9230769230769231
3,current_fixed,20.0,26,-0.060124736107527776,-0.11325722872803146,-0.6576552142198135,-0.09330550671088,0.23076923076923078,0.8076923076923077,0.9230769230769231
