split,count,size,min,max,mean,na_count
test,5650,5650,0.3443588,0.670141,0.5396599,0
train,28721,28721,0.43780974,0.7454879,0.5962394,0
val,5010,5010,0.41626272,0.7175659,0.5803534,0
