fold_id,split_name_val,mode,top_k,min_prob,threshold,constraints_ok_val,periods_val,cumulative_return_val,annualized_return_val,sharpe_val,max_drawdown_val,win_rate_val,avg_turnover_val,avg_holdings_val,split_name_test,constraints_ok_test,periods_test,cumulative_return_test,annualized_return_test,sharpe_test,max_drawdown_test,win_rate_test,avg_turnover_test,avg_holdings_test
13,val,topk,3,0.56,0.5,True,26,0.10621531164537479,0.2161342098004282,1.7516714411989038,-0.04134141540724501,0.6923076923076923,1.064102564102564,2.269230769230769,test,,26,-0.09491544310959255,-0.17577915798728527,-0.6484237434059775,-0.2795945978731127,0.34615384615384615,0.8589743589743589,1.7692307692307692
13,val,topk,3,0.58,0.5,True,26,0.0714705249453409,0.14318237459762062,1.123684403790539,-0.05967726238469784,0.4230769230769231,0.8974358974358974,1.2307692307692308,test,,26,-0.10480236527313336,-0.19314278400524532,-0.5964239612299068,-0.2939472366665796,0.3076923076923077,0.7564102564102563,0.9615384615384616
13,val,topk,4,0.56,0.5,True,26,0.12226172366898669,0.25056302791289387,2.1304452348895073,-0.0329834303005857,0.6153846153846154,1.0064102564102564,2.8846153846153846,test,,26,-0.06890981306877364,-0.12925357707464402,-0.45079629565052215,-0.25671867276746907,0.34615384615384615,0.8269230769230769,2.1538461538461537
13,val,topk,4,0.58,0.5,True,26,0.05634383665943665,0.11210466815099296,0.9424786847438312,-0.06038306333277588,0.38461538461538464,0.9038461538461539,1.3846153846153846,test,,26,-0.1046366329228362,-0.19285319640307286,-0.5945208072871078,-0.2938194329942173,0.3076923076923077,0.7692307692307693,1.0769230769230769
