fold_id,strategy_type,cost_bps,periods,cumulative_return,annualized_return,sharpe,max_drawdown,win_rate,avg_turnover,avg_holdings
13,selected,5.0,26,-0.05883220639476461,-0.1108918248212365,-0.36486332349164124,-0.2527064087730251,0.34615384615384615,0.8269230769230769,2.1538461538461537
13,selected,10.0,26,-0.06890981306877364,-0.12925357707464402,-0.45079629565052215,-0.25671867276746907,0.34615384615384615,0.8269230769230769,2.1538461538461537
13,selected,20.0,26,-0.08876038429520683,-0.1648791384393674,-0.6228484990067084,-0.26468613559602105,0.34615384615384615,0.8269230769230769,2.1538461538461537
13,current_fixed,5.0,26,-0.05883220639476461,-0.1108918248212365,-0.36486332349164124,-0.2527064087730251,0.34615384615384615,0.8269230769230769,2.1538461538461537
13,current_fixed,10.0,26,-0.06890981306877364,-0.12925357707464402,-0.45079629565052215,-0.25671867276746907,0.34615384615384615,0.8269230769230769,2.1538461538461537
13,current_fixed,20.0,26,-0.08876038429520683,-0.1648791384393674,-0.6228484990067084,-0.26468613559602105,0.34615384615384615,0.8269230769230769,2.1538461538461537
