fold_id,split_name_val,mode,top_k,min_prob,threshold,constraints_ok_val,periods_val,cumulative_return_val,annualized_return_val,sharpe_val,max_drawdown_val,win_rate_val,avg_turnover_val,avg_holdings_val,split_name_test,constraints_ok_test,periods_test,cumulative_return_test,annualized_return_test,sharpe_test,max_drawdown_test,win_rate_test,avg_turnover_test,avg_holdings_test
2,val,topk,3,0.56,0.5,True,26,-0.07980167222934387,-0.14889026099753777,-1.6865276639971187,-0.10935668599577986,0.038461538461538464,0.28205128205128205,0.34615384615384615,test,,26,0.1203505611603286,0.24643807445219545,2.0609694882721863,-0.027675766557115566,0.3076923076923077,0.6153846153846154,1.2692307692307692
2,val,topk,3,0.58,0.5,True,26,0.0,0.0,0.0,0.0,0.0,0.0,0.0,test,,26,0.09786142452050717,0.19839453209092062,1.928969135472121,-0.027675766557115677,0.19230769230769232,0.28205128205128205,0.7307692307692307
2,val,topk,4,0.56,0.5,True,26,-0.07670549005360872,-0.14333028523766123,-1.6666824588658398,-0.10635994728137865,0.038461538461538464,0.28846153846153844,0.38461538461538464,test,,26,0.15105317259900541,0.313502961627262,2.1946311077042018,-0.02979453412825217,0.3076923076923077,0.6923076923076923,1.5
2,val,topk,4,0.58,0.5,True,26,0.0,0.0,0.0,0.0,0.0,0.0,0.0,test,,26,0.08296910107440358,0.16708345363587163,1.7843705342077736,-0.029794534128251948,0.19230769230769232,0.3269230769230769,0.8461538461538461
