fold_id,strategy_type,cost_bps,periods,cumulative_return,annualized_return,sharpe,max_drawdown,win_rate,avg_turnover,avg_holdings
2,selected,5.0,26,0.1018946437142163,0.20694341265795702,2.008607810015269,-0.02668936779162845,0.19230769230769232,0.28205128205128205,0.7307692307692307
2,selected,10.0,26,0.09786142452050717,0.19839453209092062,1.928969135472121,-0.027675766557115677,0.19230769230769232,0.28205128205128205,0.7307692307692307
2,selected,20.0,26,0.08983357682946513,0.18146614056528776,1.7697341006796328,-0.029647064088089592,0.19230769230769232,0.28205128205128205,0.7307692307692307
2,current_fixed,5.0,26,0.1613894908386082,0.3364636291514358,2.3270793234585674,-0.028809195806994814,0.34615384615384615,0.6923076923076923,1.5
2,current_fixed,10.0,26,0.15105317259900541,0.313502961627262,2.1946311077042018,-0.02979453412825217,0.3076923076923077,0.6923076923076923,1.5
2,current_fixed,20.0,26,0.13064020040800073,0.2687245479592948,1.9273980024212947,-0.03277770217528575,0.3076923076923077,0.6923076923076923,1.5
