{
  "fixed_strategy_config": {
    "mode": "topk",
    "top_k": 2,
    "min_prob": 0.54,
    "threshold": 0.5
  },
  "transaction_cost_bps": 10.0,
  "dc_feature_count": 10,
  "dc_features": [
    "dc_dist_extreme",
    "dc_event",
    "dc_event_density_20",
    "dc_run_length",
    "dc_tmv",
    "dc_trend",
    "mkt_dc_event",
    "mkt_dc_run_length",
    "mkt_dc_tmv",
    "mkt_dc_trend"
  ],
  "variant_summaries": [
    {
      "variant": "full_features",
      "n_features": 48,
      "n_dc_features": 10,
      "best_epoch": 2,
      "best_score": 0.35373317994784303,
      "val_classification": {
        "accuracy": 0.5167664670658683,
        "precision": 0.5252952975261868,
        "recall": 0.8901057401812689,
        "f1": 0.6606867554309741,
        "auc": 0.48321436976703136
      },
      "test_classification": {
        "accuracy": 0.537809187279152,
        "precision": 0.5679611650485437,
        "recall": 0.7668539325842697,
        "f1": 0.652589641434263,
        "auc": 0.5069457787903557
      },
      "val_fixed_strategy": {
        "periods": 101,
        "cumulative_return": 0.04438504739870064,
        "annualized_return": 0.021907646406707837,
        "sharpe": 0.2156498594069041,
        "max_drawdown": -0.23369316055186706,
        "win_rate": 0.5247524752475248,
        "avg_turnover": 1.108910891089109,
        "avg_holdings": 1.9702970297029703
      },
      "test_fixed_strategy": {
        "periods": 114,
        "cumulative_return": 0.5222782643998893,
        "annualized_return": 0.2041527405277317,
        "sharpe": 0.8231522981447288,
        "max_drawdown": -0.2956244493969945,
        "win_rate": 0.5526315789473685,
        "avg_turnover": 0.8508771929824561,
        "avg_holdings": 1.912280701754386
      }
    },
    {
      "variant": "no_dc",
      "n_features": 38,
      "n_dc_features": 0,
      "best_epoch": 3,
      "best_score": -0.07041828490119653,
      "val_classification": {
        "accuracy": 0.5245508982035928,
        "precision": 0.5289760348583878,
        "recall": 0.9169184290030211,
        "f1": 0.6709035645205859,
        "auc": 0.48299948709552815
      },
      "test_classification": {
        "accuracy": 0.5296819787985866,
        "precision": 0.5695942475603493,
        "recall": 0.6922596754057428,
        "f1": 0.6249647788109327,
        "auc": 0.5059014942640917
      },
      "val_fixed_strategy": {
        "periods": 101,
        "cumulative_return": 0.012350016501763372,
        "annualized_return": 0.006143832127221582,
        "sharpe": 0.15095707976340564,
        "max_drawdown": -0.33481940666859733,
        "win_rate": 0.48514851485148514,
        "avg_turnover": 0.9504950495049505,
        "avg_holdings": 1.8415841584158417
      },
      "test_fixed_strategy": {
        "periods": 114,
        "cumulative_return": 0.4131592567558733,
        "annualized_return": 0.16519947204695518,
        "sharpe": 0.6737250769156867,
        "max_drawdown": -0.34413289345439535,
        "win_rate": 0.5350877192982456,
        "avg_turnover": 0.8859649122807017,
        "avg_holdings": 1.5350877192982457
      }
    },
    {
      "variant": "dc_only",
      "n_features": 10,
      "n_dc_features": 10,
      "best_epoch": 2,
      "best_score": 3.2766065165280893,
      "val_classification": {
        "accuracy": 0.5285429141716567,
        "precision": 0.5285429141716567,
        "recall": 1.0,
        "f1": 0.691564377121964,
        "auc": 0.5210737706280969
      },
      "test_classification": {
        "accuracy": 0.566077738515901,
        "precision": 0.566077738515901,
        "recall": 1.0,
        "f1": 0.7229241877256317,
        "auc": 0.49376981185976815
      },
      "val_fixed_strategy": {
        "periods": 101,
        "cumulative_return": 0.6144083385788524,
        "annualized_return": 0.26999128925387406,
        "sharpe": 1.122657295922816,
        "max_drawdown": -0.13943999223302972,
        "win_rate": 0.5841584158415841,
        "avg_turnover": 1.316831683168317,
        "avg_holdings": 2.0
      },
      "test_fixed_strategy": {
        "periods": 114,
        "cumulative_return": 0.32946023160661997,
        "annualized_return": 0.13416834933176403,
        "sharpe": 0.6423575421233961,
        "max_drawdown": -0.294934319540199,
        "win_rate": 0.5087719298245614,
        "avg_turnover": 1.368421052631579,
        "avg_holdings": 2.0
      }
    }
  ]
}