fold_id,strategy_type,cost_bps,periods,cumulative_return,annualized_return,sharpe,max_drawdown,win_rate,avg_turnover,avg_holdings
13,selected,5.0,26,0.01665293159687442,0.03253322806702874,0.24762750063004782,-0.17897532828254625,0.5384615384615384,0.6794871794871794,3.0
13,selected,10.0,26,0.007698432151508561,0.014977013519043902,0.17934925332778306,-0.18174172951212175,0.5384615384615384,0.6794871794871794,3.0
13,selected,20.0,26,-0.009988433073150449,-0.019271426419477655,0.04293887124639801,-0.18725106461893848,0.5384615384615384,0.6794871794871794,3.0
13,current_fixed,5.0,26,0.11532831485431538,0.2356297740320139,0.9169120094008713,-0.13409825990132185,0.6153846153846154,0.9230769230769231,2.0
13,current_fixed,10.0,26,0.10207148462366322,0.2073189208954811,0.8304361825719123,-0.13501578392053748,0.6153846153846154,0.9230769230769231,2.0
13,current_fixed,20.0,26,0.07600605954609585,0.15258139631660428,0.6573453939882851,-0.1368493730589505,0.5384615384615384,0.9230769230769231,2.0
