fold_id,strategy_type,cost_bps,periods,cumulative_return,annualized_return,sharpe,max_drawdown,win_rate,avg_turnover,avg_holdings
15,selected,5.0,26,0.25803067689549364,0.5604419527572757,2.380587638394984,-0.02577804138507389,0.19230769230769232,0.41025641025641024,0.5384615384615384
15,selected,10.0,26,0.2514572433705282,0.5446752957862993,2.3343067216278053,-0.02676489604170984,0.19230769230769232,0.41025641025641024,0.5384615384615384
15,selected,20.0,26,0.2384038330427296,0.5135960050146042,2.2404457396875586,-0.028737105354981418,0.19230769230769232,0.41025641025641024,0.5384615384615384
15,current_fixed,5.0,26,0.24407078747783428,0.5270510770627097,2.033312390218905,-0.04483404827787174,0.19230769230769232,0.4230769230769231,0.38461538461538464
15,current_fixed,10.0,26,0.2373734009347772,0.5111556407394529,1.9903049775877513,-0.04581137016467618,0.19230769230769232,0.4230769230769231,0.38461538461538464
15,current_fixed,20.0,26,0.2240768463640821,0.4798365691342319,1.9032362660902242,-0.04776451393828507,0.19230769230769232,0.4230769230769231,0.38461538461538464
