{
  "n_folds": 21,
  "selected_constraints_satisfied_rate": 1.0,
  "positive_selected_test_cumret_rate": 0.8095238095238095,
  "positive_current_fixed_test_cumret_rate": 0.6190476190476191,
  "selected_test_cumret_mean": 0.11172146931423124,
  "selected_test_cumret_std": 0.16050479924952296,
  "selected_test_sharpe_mean": 1.0697640197592893,
  "selected_test_sharpe_std": 1.085236878982937,
  "selected_test_mdd_mean": -0.1101954316490685,
  "selected_test_mdd_std": 0.0788963279460451,
  "selected_test_auc_mean": 0.5229280171363134,
  "selected_test_auc_std": 0.04339002588661932,
  "current_fixed_test_cumret_mean": 0.058344620940611894,
  "current_fixed_test_sharpe_mean": 0.6648930772501283,
  "current_fixed_test_mdd_mean": -0.11245513712290592,
  "selected_matches_current_fixed_rate": 0.047619047619047616
}