fold_id,split_name_val,mode,top_k,min_prob,threshold,constraints_ok_val,periods_val,cumulative_return_val,annualized_return_val,sharpe_val,max_drawdown_val,win_rate_val,avg_turnover_val,avg_holdings_val,split_name_test,constraints_ok_test,periods_test,cumulative_return_test,annualized_return_test,sharpe_test,max_drawdown_test,win_rate_test,avg_turnover_test,avg_holdings_test
9,val,topk,3,0.56,0.5,True,26,-0.03864291159789979,-0.07354844860069565,-0.18992533343130089,-0.11533331864052299,0.23076923076923078,0.6410256410256411,0.8461538461538461,test,,26,0.10903375507846058,0.2221477084931054,0.6902686787528709,-0.23958412383552619,0.34615384615384615,0.7435897435897435,0.8461538461538461
9,val,topk,3,0.58,0.5,True,26,0.16841835881612943,0.35218727501074976,2.178092695511649,-0.033127153365708484,0.19230769230769232,0.4230769230769231,0.4230769230769231,test,,26,-0.1726218264028342,-0.30741595039370884,-0.9924783097777643,-0.22364858588172698,0.15384615384615385,0.4871794871794872,0.5
9,val,topk,4,0.56,0.5,True,26,-0.037426568668285976,-0.07127487532656862,-0.18510041230768048,-0.11444574318408385,0.23076923076923078,0.6730769230769231,1.0,test,,26,0.1254601251676315,0.2574810502209339,0.7663873528028271,-0.23325433094885806,0.34615384615384615,0.7307692307692307,1.0
9,val,topk,4,0.58,0.5,True,26,0.16849212018836757,0.35235275196283466,2.1793608339035013,-0.03312715336570837,0.19230769230769232,0.4230769230769231,0.5,test,,26,-0.17023118123671777,-0.30353150411422536,-1.001689521247406,-0.21838309451007132,0.15384615384615385,0.5,0.5769230769230769
