fold_id,strategy_type,cost_bps,periods,cumulative_return,annualized_return,sharpe,max_drawdown,win_rate,avg_turnover,avg_holdings
9,selected,5.0,26,-0.16464996839839607,-0.2944219212361897,-0.9630982817426699,-0.21506634199464103,0.15384615384615385,0.5,0.5769230769230769
9,selected,10.0,26,-0.17023118123671777,-0.30353150411422536,-1.001689521247406,-0.21838309451007132,0.15384615384615385,0.5,0.5769230769230769
9,selected,20.0,26,-0.1812948086858417,-0.3214199526622714,-1.0781403736780713,-0.22568514000897322,0.11538461538461539,0.5,0.5769230769230769
9,current_fixed,5.0,26,0.13611525436706495,0.280660968403875,0.8109388214859898,-0.23120496793213197,0.34615384615384615,0.7307692307692307,1.0
9,current_fixed,10.0,26,0.1254601251676315,0.2574810502209339,0.7663873528028271,-0.23325433094885806,0.34615384615384615,0.7307692307692307,1.0
9,current_fixed,20.0,26,0.10442667445497422,0.21232537926241468,0.6769494050792105,-0.23734243250961728,0.3076923076923077,0.7307692307692307,1.0
