{
  "selection_policy": "validation_only_multi_cost_diversified_execution",
  "base_current_execution_cfg": {
    "mode": "topk",
    "top_k": 2,
    "entry_prob": 0.6,
    "exit_prob": 0.5599999999999999,
    "threshold": 0.5,
    "switch_buffer": 0.0,
    "min_hold_periods": 2,
    "max_new_names_per_rebalance": 1
  },
  "chosen_diversified_execution_cfg": {
    "mode": "topk_diversified_v2",
    "top_k": 3,
    "entry_prob": 0.58,
    "exit_prob": 0.5599999999999999,
    "threshold": 0.5,
    "switch_buffer": 0.0,
    "min_hold_periods": 2,
    "max_new_names_per_rebalance": 1,
    "max_turnover_per_rebalance": 1.0,
    "no_trade_band": 0.0,
    "sector_penalty": 0.02,
    "repeated_name_penalty": 0.005,
    "cooldown_lookback": 3,
    "cooldown_threshold": 2,
    "strong_signal_override_margin": 0.02
  },
  "baseline_debug": {
    "baseline_validation_summary": {
      "val_mean_cumret": 0.376744529574386,
      "val_mean_sharpe": 0.8137759660927575,
      "val_mean_mdd": -0.2225485795462956,
      "val_mean_turnover": 0.7029702970297029,
      "val_mean_max_sector_weight": 0.6138613861386139,
      "val_mean_nvda_presence": 0.039603960396039604
    },
    "baseline_validation_by_cost": {
      "10": {
        "periods": 101,
        "cumulative_return": 0.4254503311394271,
        "annualized_return": 0.19350327976862935,
        "sharpe": 0.8917161580351498,
        "max_drawdown": -0.21275964205111197,
        "win_rate": 0.504950495049505,
        "avg_turnover": 0.7029702970297029,
        "avg_holdings": 1.8712871287128714,
        "avg_exposure": 0.9900990099009901,
        "avg_max_sector_weight": 0.6138613861386139,
        "avg_distinct_sectors": 1.7425742574257426,
        "nvda_presence_rate": 0.039603960396039604
      },
      "20": {
        "periods": 101,
        "cumulative_return": 0.32803872800934486,
        "annualized_return": 0.15208196783007977,
        "sharpe": 0.7358357741503652,
        "max_drawdown": -0.2323375170414792,
        "win_rate": 0.504950495049505,
        "avg_turnover": 0.7029702970297029,
        "avg_holdings": 1.8712871287128714,
        "avg_exposure": 0.9900990099009901,
        "avg_max_sector_weight": 0.6138613861386139,
        "avg_distinct_sectors": 1.7425742574257426,
        "nvda_presence_rate": 0.039603960396039604
      }
    },
    "baseline_test_by_cost": {
      "10": {
        "periods": 113,
        "cumulative_return": 0.5139120177125063,
        "annualized_return": 0.2031729833821292,
        "sharpe": 1.134012079864403,
        "max_drawdown": -0.1731837096755079,
        "win_rate": 0.415929203539823,
        "avg_turnover": 0.6194690265486725,
        "avg_holdings": 1.1415929203539823,
        "avg_exposure": 0.7345132743362832,
        "avg_max_sector_weight": 0.5575221238938053,
        "avg_distinct_sectors": 1.0884955752212389,
        "nvda_presence_rate": 0.168141592920354
      },
      "20": {
        "periods": 113,
        "cumulative_return": 0.4119505803566952,
        "annualized_return": 0.1663318810734793,
        "sharpe": 0.9585413907336964,
        "max_drawdown": -0.18071419134900724,
        "win_rate": 0.40707964601769914,
        "avg_turnover": 0.6194690265486725,
        "avg_holdings": 1.1415929203539823,
        "avg_exposure": 0.7345132743362832,
        "avg_max_sector_weight": 0.5575221238938053,
        "avg_distinct_sectors": 1.0884955752212389,
        "nvda_presence_rate": 0.168141592920354
      }
    },
    "best_search_row": {
      "top_k": 3,
      "entry_prob": 0.58,
      "exit_prob": 0.5599999999999999,
      "switch_buffer": 0.0,
      "min_hold_periods": 2,
      "max_new_names_per_rebalance": 1,
      "max_turnover_per_rebalance": 1.0,
      "no_trade_band": 0.0,
      "sector_penalty": 0.02,
      "repeated_name_penalty": 0.005,
      "cooldown_lookback": 3,
      "cooldown_threshold": 2,
      "strong_signal_override_margin": 0.02,
      "val_ok": false,
      "selection_score": 1.6789522367358987,
      "val_mean_cumret": 0.3185928820610724,
      "val_mean_sharpe": 0.6787512596049288,
      "val_mean_mdd": -0.2747739030114009,
      "val_mean_turnover": 0.6468646864686468,
      "val_mean_max_sector_weight": 0.48184818481848185,
      "val_mean_distinct_sectors": 2.4752475247524752,
      "val_mean_nvda_presence": 0.019801980198019802,
      "test_mean_cumret": 0.2603766479693893,
      "test_mean_sharpe": 0.6033305265515108,
      "test_mean_mdd": -0.1892302988903573,
      "test_mean_turnover": 0.7345132743362832,
      "test_mean_max_sector_weight": 0.5309734513274336,
      "test_mean_nvda_presence": 0.2920353982300885
    }
  },
  "validation_metrics_by_cost": {
    "10": {
      "periods": 101,
      "cumulative_return": 0.36157689646014557,
      "annualized_return": 0.16650974645781558,
      "sharpe": 0.7446720361317719,
      "max_drawdown": -0.2665948275098251,
      "win_rate": 0.5346534653465347,
      "avg_turnover": 0.6468646864686468,
      "avg_holdings": 2.6831683168316833,
      "avg_exposure": 1.0,
      "avg_max_sector_weight": 0.48184818481848185,
      "avg_distinct_sectors": 2.4752475247524752,
      "nvda_presence_rate": 0.019801980198019802
    },
    "20": {
      "periods": 101,
      "cumulative_return": 0.2756088676619992,
      "annualized_return": 0.12915638331670865,
      "sharpe": 0.6128304830780857,
      "max_drawdown": -0.28295297851297674,
      "win_rate": 0.5346534653465347,
      "avg_turnover": 0.6468646864686468,
      "avg_holdings": 2.6831683168316833,
      "avg_exposure": 1.0,
      "avg_max_sector_weight": 0.48184818481848185,
      "avg_distinct_sectors": 2.4752475247524752,
      "nvda_presence_rate": 0.019801980198019802
    }
  },
  "test_metrics_by_cost": {
    "10": {
      "periods": 113,
      "cumulative_return": 0.31265630575701375,
      "annualized_return": 0.12900912016023347,
      "sharpe": 0.6936069171852903,
      "max_drawdown": -0.18685562192708083,
      "win_rate": 0.5221238938053098,
      "avg_turnover": 0.7345132743362832,
      "avg_holdings": 2.0442477876106193,
      "avg_exposure": 0.911504424778761,
      "avg_max_sector_weight": 0.5309734513274336,
      "avg_distinct_sectors": 1.9026548672566372,
      "nvda_presence_rate": 0.2920353982300885
    },
    "20": {
      "periods": 113,
      "cumulative_return": 0.20809699018176486,
      "annualized_return": 0.08797485199109478,
      "sharpe": 0.5130541359177313,
      "max_drawdown": -0.19160497585363379,
      "win_rate": 0.48672566371681414,
      "avg_turnover": 0.7345132743362832,
      "avg_holdings": 2.0442477876106193,
      "avg_exposure": 0.911504424778761,
      "avg_max_sector_weight": 0.5309734513274336,
      "avg_distinct_sectors": 1.9026548672566372,
      "nvda_presence_rate": 0.2920353982300885
    }
  },
  "default_cost_bps_for_action_files": 10.0,
  "default_cost_validation_metrics": {
    "periods": 101,
    "cumulative_return": 0.36157689646014557,
    "annualized_return": 0.16650974645781558,
    "sharpe": 0.7446720361317719,
    "max_drawdown": -0.2665948275098251,
    "win_rate": 0.5346534653465347,
    "avg_turnover": 0.6468646864686468,
    "avg_holdings": 2.6831683168316833,
    "avg_exposure": 1.0,
    "avg_max_sector_weight": 0.48184818481848185,
    "avg_distinct_sectors": 2.4752475247524752,
    "nvda_presence_rate": 0.019801980198019802
  },
  "default_cost_test_metrics": {
    "periods": 113,
    "cumulative_return": 0.31265630575701375,
    "annualized_return": 0.12900912016023347,
    "sharpe": 0.6936069171852903,
    "max_drawdown": -0.18685562192708083,
    "win_rate": 0.5221238938053098,
    "avg_turnover": 0.7345132743362832,
    "avg_holdings": 2.0442477876106193,
    "avg_exposure": 0.911504424778761,
    "avg_max_sector_weight": 0.5309734513274336,
    "avg_distinct_sectors": 1.9026548672566372,
    "nvda_presence_rate": 0.2920353982300885
  }
}