fold_id,split_name_val,mode,top_k,min_prob,threshold,constraints_ok_val,periods_val,cumulative_return_val,annualized_return_val,sharpe_val,max_drawdown_val,win_rate_val,avg_turnover_val,avg_holdings_val,split_name_test,constraints_ok_test,periods_test,cumulative_return_test,annualized_return_test,sharpe_test,max_drawdown_test,win_rate_test,avg_turnover_test,avg_holdings_test
12,val,topk,3,0.56,0.5,True,26,0.4930180572604619,1.1747954945437717,3.8794612708717455,-0.030002753902784063,0.5769230769230769,1.1025641025641024,2.076923076923077,test,,26,0.10009721632156032,0.20312992077146985,1.598256840164482,-0.035887129005708895,0.23076923076923078,0.6538461538461539,0.5
12,val,topk,3,0.58,0.5,True,26,0.2447173602538102,0.5285899011363386,2.2729685327474147,-0.03366722305470127,0.34615384615384615,0.9230769230769231,1.1538461538461537,test,,26,0.03525859321147662,0.06947738487000787,1.9165815356534053,-0.0010000000000000009,0.11538461538461539,0.19230769230769232,0.11538461538461539
12,val,topk,4,0.56,0.5,True,26,0.44471437744881603,1.0404748746428871,3.4115350803034747,-0.029426037331524824,0.5769230769230769,1.1282051282051282,2.5384615384615383,test,,26,0.10009721632156032,0.20312992077146985,1.598256840164482,-0.035887129005708895,0.23076923076923078,0.6538461538461539,0.5
12,val,topk,4,0.58,0.5,True,26,0.25938253020221613,0.5636940390803173,2.2466500883969522,-0.0334075285248302,0.34615384615384615,0.9423076923076923,1.3846153846153846,test,,26,0.03525859321147662,0.06947738487000787,1.9165815356534053,-0.0010000000000000009,0.11538461538461539,0.19230769230769232,0.11538461538461539
