fold_id,strategy_type,cost_bps,periods,cumulative_return,annualized_return,sharpe,max_drawdown,win_rate,avg_turnover,avg_holdings
12,selected,5.0,26,0.10941769893692221,0.22296801166304037,1.7272152670072345,-0.034422309420767294,0.23076923076923078,0.6538461538461539,0.5
12,selected,10.0,26,0.10009721632156032,0.20312992077146985,1.598256840164482,-0.035887129005708895,0.23076923076923078,0.6538461538461539,0.5
12,selected,20.0,26,0.08167537159205751,0.16438233914876332,1.3356454779942653,-0.038812322859602566,0.23076923076923078,0.6538461538461539,0.5
12,current_fixed,5.0,26,0.10941769893692221,0.22296801166304037,1.7272152670072345,-0.034422309420767294,0.23076923076923078,0.6538461538461539,0.5
12,current_fixed,10.0,26,0.10009721632156032,0.20312992077146985,1.598256840164482,-0.035887129005708895,0.23076923076923078,0.6538461538461539,0.5
12,current_fixed,20.0,26,0.08167537159205751,0.16438233914876332,1.3356454779942653,-0.038812322859602566,0.23076923076923078,0.6538461538461539,0.5
