fold_id,split_name_val,mode,top_k,min_prob,threshold,constraints_ok_val,periods_val,cumulative_return_val,annualized_return_val,sharpe_val,max_drawdown_val,win_rate_val,avg_turnover_val,avg_holdings_val,split_name_test,constraints_ok_test,periods_test,cumulative_return_test,annualized_return_test,sharpe_test,max_drawdown_test,win_rate_test,avg_turnover_test,avg_holdings_test
8,val,topk,3,0.56,0.5,True,26,0.1609572146158358,0.3354995294867089,2.259970460240876,-0.02094534721065955,0.23076923076923078,0.6153846153846154,0.5384615384615384,test,,26,5.3848343129159204e-05,0.0001043855795379578,0.049118054313115216,-0.053094732217707,0.2692307692307692,0.6410256410256411,1.0
8,val,topk,3,0.58,0.5,True,26,0.19207291513385139,0.40575644382471077,2.7601855819051893,-0.0010000000000000009,0.19230769230769232,0.38461538461538464,0.23076923076923078,test,,26,0.04233201169935619,0.08368755380223081,0.6152805056581819,-0.05774253169734278,0.19230769230769232,0.5512820512820513,0.5
8,val,topk,4,0.56,0.5,True,26,0.1609572146158358,0.3354995294867089,2.259970460240876,-0.02094534721065955,0.23076923076923078,0.6153846153846154,0.5384615384615384,test,,26,-0.0051645542425948765,-0.009987026151987877,-0.058769214895843525,-0.04813713213210069,0.2692307692307692,0.6730769230769231,1.1538461538461537
8,val,topk,4,0.58,0.5,True,26,0.19207291513385139,0.40575644382471077,2.7601855819051893,-0.0010000000000000009,0.19230769230769232,0.38461538461538464,0.23076923076923078,test,,26,0.04014080260462882,0.07927580891649288,0.5854934636909565,-0.059573085104887014,0.19230769230769232,0.5576923076923077,0.5384615384615384
