fold_id,strategy_type,cost_bps,periods,cumulative_return,annualized_return,sharpe,max_drawdown,win_rate,avg_turnover,avg_holdings
8,selected,5.0,26,0.049794518465444026,0.09877779766239603,0.707887785084107,-0.05581466605327434,0.19230769230769232,0.5512820512820513,0.5
8,selected,10.0,26,0.04233201169935619,0.08368755380223081,0.6152805056581819,-0.05774253169734278,0.19230769230769232,0.5512820512820513,0.5
8,selected,20.0,26,0.027551286847165457,0.054097164893972094,0.42851351720037734,-0.061590898004059924,0.19230769230769232,0.5512820512820513,0.5
8,current_fixed,5.0,26,0.0035880843684048536,0.006967073009242153,0.11889553450091911,-0.0464393419872573,0.2692307692307692,0.6730769230769231,1.1538461538461537
8,current_fixed,10.0,26,-0.0051645542425948765,-0.009987026151987877,-0.058769214895843525,-0.04813713213210069,0.2692307692307692,0.6730769230769231,1.1538461538461537
8,current_fixed,20.0,26,-0.02245753392673322,-0.04307411191046462,-0.41168407773772336,-0.05152680094188855,0.23076923076923078,0.6730769230769231,1.1538461538461537
