fold_id,strategy_type,cost_bps,periods,cumulative_return,annualized_return,sharpe,max_drawdown,win_rate,avg_turnover,avg_holdings
18,selected,5.0,26,0.03730790383583238,0.07358501122928396,0.41058351153428585,-0.1747742797568499,0.38461538461538464,1.1538461538461537,1.1538461538461537
18,selected,10.0,26,0.02184460898806484,0.042778783437184664,0.289607102364477,-0.17897327386863104,0.38461538461538464,1.1538461538461537,1.1538461538461537
18,selected,20.0,26,-0.008426532027772327,-0.01626991059822358,0.048502025752187004,-0.18731607698968455,0.34615384615384615,1.1538461538461537,1.1538461538461537
18,current_fixed,5.0,26,0.056665648886952136,0.11276151204706153,0.7690403003168986,-0.039804591546453105,0.038461538461538464,0.15384615384615385,0.11538461538461539
18,current_fixed,10.0,26,0.05458018141702681,0.10850824435153195,0.745322500858268,-0.040784429419616575,0.038461538461538464,0.15384615384615385,0.11538461538461539
18,current_fixed,20.0,26,0.050418501379375646,0.10004415586871462,0.6974305348310182,-0.042742605165943304,0.038461538461538464,0.15384615384615385,0.11538461538461539
